,Data Type,Non-Null Count,Missing Values,Missing %,Unique Values
countrynewwb,object,8577,0,0.0,174
codewb,object,8577,0,0.0,174
year,int64,8577,0,0.0,6
pop_adult,float64,7893,684,7.97,712
regionwb24_hi,object,7893,684,7.97,7
incomegroupwb24,object,7893,684,7.97,4
group,object,8577,0,0.0,7
group2,object,8577,0,0.0,13
account_t_d,float64,8487,90,1.05,8299
fiaccount_t_d,float64,8395,182,2.12,8207
mobileaccount_t_d,float64,2527,6050,70.54,2523
borrow_any_t_d,float64,6412,2165,25.24,6411
fin4_d,float64,1123,7454,86.91,1122
dig_acc,float64,1375,7202,83.97,1374
fin11_2a,float64,620,7957,92.77,608
fin11a,float64,440,8137,94.87,428
fin11b,float64,512,8065,94.03,511
fin11c,float64,356,8221,95.85,355
fin11f,float64,380,8197,95.57,379
fin11d,float64,608,7969,92.91,596
fin11e,float64,740,7837,91.37,727
fin14a,float64,277,8300,96.77,277
fin14b,float64,265,8312,96.91,265
fin14c,float64,336,8241,96.08,335
fin14d,float64,454,8123,94.71,453
fin13_1a,float64,322,8255,96.25,321
fin13_1b,float64,239,8338,97.21,239
fin26a,float64,3170,5407,63.04,3168
fin26b,float64,1959,6618,77.16,1959
fin27a,float64,1223,7354,85.74,1192
fin27b,float64,659,7918,92.32,630
fin17f,float64,442,8135,94.85,441
fin17a_17a1_d,float64,6192,2385,27.81,6190
fin17a,float64,5712,2865,33.4,5710
fin17b,float64,1002,7575,88.32,981
fin17c,float64,2932,5645,65.82,2836
fin22d,float64,4038,4539,52.92,4037
fin22e,float64,1673,6904,80.49,1672
fin22a_22a1_22g_d,float64,4956,3621,42.22,4953
fin22a,float64,3477,5100,59.46,3470
fin22a_22g,float64,4561,4016,46.82,4559
fin22a_1,float64,344,8233,95.99,342
fin22b,float64,6044,2533,29.53,6043
fin22c,float64,958,7619,88.83,886
fin24sav,float64,2419,6158,71.8,2419
fin24fam,float64,2996,5581,65.07,2995
fin24work,float64,2493,6084,70.93,2492
fin24bor,float64,856,7721,90.02,855
fin24sell,float64,1130,7447,86.83,1129
fin24other,float64,257,8320,97.0,257
fin24aVD,float64,2908,5669,66.1,2907
fin24aSD,float64,3036,5541,64.6,3035
fin24aND,float64,2695,5882,68.58,2695
fin24aSD_ND,float64,3036,5541,64.6,3035
fin24aP,float64,6455,2122,24.74,6392
fin24aN,float64,5091,3486,40.64,5047
fin24sav_SD_ND,float64,1857,6720,78.35,1856
fin24fam_SD_ND,float64,2795,5782,67.41,2795
fin24work_SD_ND,float64,1709,6868,80.07,1705
fin24bor_SD_ND,float64,373,8204,95.65,373
fin24sell_SD_ND,float64,399,8178,95.35,399
fin24other_SD_ND,float64,257,8320,97.0,254
fin24sav_VD,float64,313,8264,96.35,313
fin24fam_VD,float64,2326,6251,72.88,2325
fin24work_VD,float64,565,8012,93.41,565
fin24bor_VD,float64,311,8266,96.37,311
fin24sell_VD,float64,585,7992,93.18,579
fin24other_VD,float64,257,8320,97.0,247
fh1,float64,2378,6199,72.27,2377
fin28,float64,1478,7099,82.77,1450
fh2,float64,2506,6071,70.78,2505
fin29,float64,1642,6935,80.86,1613
fin31a_31b,float64,3940,4637,54.06,3937
fin30,float64,6220,2357,27.48,6219
fin31a,float64,3386,5191,60.52,3383
fin31b,float64,2538,6039,70.41,2516
fin31d,float64,4941,3636,42.39,4938
fin32_33_34a,float64,1669,6908,80.54,1651
fin32_33_34b,float64,569,8008,93.37,413
fin32_33_34c,float64,577,8000,93.27,521
fin32_33_34d,float64,597,7980,93.04,381
fin32_33_acc,float64,1801,6776,79.0,1780
fin32_33,float64,2169,6408,74.71,2147
fin32_n33_34a,float64,3114,5463,63.69,3109
fin32_n33_34b,float64,795,7782,90.73,674
fin32_n33_34c,float64,2441,6136,71.54,2435
fin32_n33_34d,float64,697,7880,91.87,594
fin32_n33_acc,float64,3536,5041,58.77,3532
fin32_n33,float64,5796,2781,32.42,5789
fin32,float64,6188,2389,27.85,6182
fin32_acc,float64,4398,4179,48.72,4390
fin34a,float64,3946,4631,53.99,3944
fin34b,float64,1024,7553,88.06,913
fin34c,float64,2999,5578,65.03,2995
fin34d,float64,807,7770,90.59,728
fin37_38_39a,float64,2353,6224,72.57,2353
fin37_38_39b,float64,471,8106,94.51,388
fin37_38_39c,float64,713,7864,91.69,707
fin37_38_39d,float64,415,8162,95.16,366
fin37_38_39_acc,float64,2602,5975,69.66,2601
fin37_38,float64,3534,5043,58.8,3533
fin37_39a,float64,2299,6278,73.2,2298
fin37_39b,float64,599,7978,93.02,445
fin37_39c,float64,769,7808,91.03,754
fin37_39d,float64,617,7960,92.81,548
fin37_39_acc,float64,2609,5968,69.58,2608
fin37,float64,3864,4713,54.95,3863
fin38_39a,float64,1591,6986,81.45,1573
fin38_39b,float64,405,8172,95.28,289
fin38_39c,float64,569,8008,93.37,526
fin38_39d,float64,405,8172,95.28,282
fin38_39_acc,float64,1643,6934,80.84,1627
fin38,float64,1973,6604,77.0,1959
fin2_t_d,float64,7193,1384,16.14,7180
fin42,float64,3508,5069,59.1,3412
fin42_acc,float64,717,7860,91.64,618
fin43a,float64,557,8020,93.51,442
fin43b,float64,491,8086,94.28,349
fin43c,float64,2789,5788,67.48,2692
fin43d,float64,405,8172,95.28,181
fin45a,float64,838,7739,90.23,838
fin45c,float64,1327,7250,84.53,1326
fin45d,float64,1399,7178,83.69,1398
fin45e,float64,933,7644,89.12,932
fin45b,float64,395,8182,95.39,394
fin25e2,float64,1710,6867,80.06,1709
fin9b,float64,985,7592,88.52,984
fin10,float64,4212,4365,50.89,4163
fin22g,float64,2867,5710,66.57,2860
fin22h,float64,1027,7550,88.03,1022
inactive_t_d,float64,869,7708,89.87,863
fing2p_acc,float64,3114,5463,63.69,3113
fing2p_card,float64,747,7830,91.29,702
fing2p_cash,float64,769,7808,91.03,765
fing2p_fin,float64,3618,4959,57.82,3616
fing2p_mob,float64,702,7875,91.82,580
fing2p,float64,4020,4557,53.13,4019
g20_made,float64,5780,2797,32.61,5760
g20_received,float64,5778,2799,32.63,5777
g20_any,float64,6152,2425,28.27,6105
merchant_pay,float64,1754,6823,79.55,1753
save_any_t_d,float64,6402,2175,25.36,6401
fin11_1,float64,176,8401,97.95,175
fin5w,float64,316,8261,96.32,316
fin5m,float64,1009,7568,88.24,1008
fin5lm,float64,472,8105,94.5,472
fin5n,float64,172,8405,97.99,172
fin6w,float64,616,7961,92.82,616
fin6m,float64,949,7628,88.94,948
fin6lm,float64,532,8045,93.8,532
fin6n,float64,160,8417,98.13,160
fin11_0,float64,68,8509,99.21,61
fin9a,float64,1021,7556,88.1,1020
fin17dw,float64,172,8405,97.99,172
fin17dm,float64,781,7796,90.89,780
fin17dlm,float64,604,7973,92.96,604
fin17e,float64,478,8099,94.43,478
fin7,float64,232,8345,97.3,232
fin3,float64,1159,7418,86.49,1158
fin19,float64,847,7730,90.12,846
fin20,float64,571,8006,93.34,570
fin21,float64,307,8270,96.42,306
fin24ba,float64,1255,7322,85.37,1254
fin24bb,float64,1399,7178,83.69,1398
fin24bc,float64,1387,7190,83.83,1386
fin24bd,float64,1387,7190,83.83,1386
fin24c,float64,1195,7382,86.07,1194
fin24d1,float64,777,7800,90.94,776
fin24d2,float64,729,7848,91.5,728
fin24d3,float64,204,8373,97.62,202
fin25e1,float64,829,7748,90.33,828
fin25e2b,float64,2498,6079,70.88,2497
fin25e3w,float64,646,7931,92.47,645
fin25e3m,float64,382,8195,95.55,382
fin25e3lm,float64,180,8397,97.9,180
fin25e4a,float64,232,8345,97.3,232
fin25e4b,float64,100,8477,98.83,100
fin25e4c,float64,100,8477,98.83,100
fin25e4d,float64,1189,7388,86.14,1188
fin25e4e,float64,100,8477,98.83,100
fh2a,float64,853,7724,90.05,852
fin31c,float64,100,8477,98.83,96
fin36a,float64,135,8442,98.43,134
fin36b,float64,724,7853,91.56,723
fin40a,float64,352,8225,95.9,352
fin40b,float64,280,8297,96.74,280
fin36Aa,float64,20,8557,99.77,2
fin36Ab,float64,20,8557,99.77,2
fin8,float64,1057,7520,87.68,1056
fin13aw,float64,169,8408,98.03,169
fin13am,float64,334,8243,96.11,333
fin13alm,float64,335,8242,96.09,335
fin13an,float64,37,8540,99.57,37
fin13bw,float64,145,8432,98.31,145
fin13bm,float64,310,8267,96.39,309
fin13blm,float64,334,8243,96.11,333
fin13bn,float64,37,8540,99.57,37
fin13cw,float64,193,8384,97.75,193
fin13cm,float64,298,8279,96.53,297
fin13clm,float64,323,8254,96.23,323
fin13cn,float64,37,8540,99.57,37
fin13e,float64,264,8313,96.92,263
fin13f,float64,205,8372,97.61,205
fin13f_1,float64,73,8504,99.15,73
fin15,float64,205,8372,97.61,205
fin16,float64,73,8504,99.15,73
fin22f,float64,1209,7368,85.9,1200
fin41,float64,100,8477,98.83,100
fin35,float64,100,8477,98.83,100
fin44,float64,196,8381,97.71,196
fh1_fh2,float64,2560,6017,70.15,2559
fin28_29,float64,1874,6703,78.15,1846
fin31d_s,float64,423,8154,95.07,421
fin32_n33_34c_s,float64,182,8395,97.88,182
fin34c_s,float64,236,8341,97.25,236
fin43c_s,float64,216,8361,97.48,215
fin32_acc_s,float64,371,8206,95.67,371
fin34a_s,float64,328,8249,96.18,328
fin32_33_acc_s,float64,122,8455,98.58,109
inactive_t_d_s,float64,29,8548,99.66,29
fing2p_fin_s,float64,233,8344,97.28,233
fin32_33_34a_s,float64,109,8468,98.73,104
fin32_n33_acc_s,float64,288,8289,96.64,288
fin37_39_acc_s,float64,200,8377,97.67,200
fin37_39c_s,float64,21,8556,99.76,21
fin31a_31b_s,float64,325,8252,96.21,325
fin31a_s,float64,274,8303,96.81,274
fin31b_s,float64,186,8391,97.83,186
fin32_n33_34a_s,float64,248,8329,97.11,248
fin37_39a_s,float64,170,8407,98.02,170
fin34d_s,float64,25,8552,99.71,25
fin32_33_34d_s,float64,4,8573,99.95,4
fin32_n33_34d_s,float64,14,8563,99.84,14
fing2p_card_s,float64,1,8576,99.99,1
fin37_39d_s,float64,6,8571,99.93,6
fin42_acc_s,float64,15,8562,99.83,15
fin32_33_34c_s,float64,2,8575,99.98,2
fin37_38_39c_s,float64,30,8547,99.65,30
fin38_39c_s,float64,16,8561,99.81,16
fing2p_acc_s,float64,260,8317,96.97,260
fing2p_cash_s,float64,35,8542,99.59,35
fin37_38_39a_s,float64,187,8390,97.82,187
fin37_38_39_acc_s,float64,211,8366,97.54,211
fin38_39a_s,float64,115,8462,98.66,115
fin38_39_acc_s,float64,120,8457,98.6,120
fin34b_s,float64,42,8535,99.51,42
fin32_n33_34b_s,float64,21,8556,99.76,21
fin43b_s,float64,8,8569,99.91,8
fin27b_s,float64,37,8540,99.57,37
fin27a_s,float64,86,8491,99.0,86
fin22h_s,float64,72,8505,99.16,72
fin28_29_s,float64,150,8427,98.25,150
fin28_s,float64,114,8463,98.67,114
fin29_s,float64,129,8448,98.5,129
fing2p_mob_s,float64,13,8564,99.85,13
fin37_38_39d_s,float64,1,8576,99.99,1
fin37_38_39b_s,float64,6,8571,99.93,6
fin37_39b_s,float64,4,8573,99.95,4
fin11_2a_s,float64,46,8531,99.46,45
fin11b_s,float64,37,8540,99.57,37
fin11f_s,float64,26,8551,99.7,26
fin11d_s,float64,45,8532,99.48,44
fin11e_s,float64,56,8521,99.35,55
fin9b_s,float64,73,8504,99.15,73
fin11_1_s,float64,9,8568,99.9,9
fin5m_s,float64,76,8501,99.11,76
fin6m_s,float64,71,8506,99.17,71
fin9a_s,float64,76,8501,99.11,76
fin5w_s,float64,18,8559,99.79,18
fin6w_s,float64,43,8534,99.5,43
fin17dm_s,float64,56,8521,99.35,56
fin17dlm_s,float64,42,8535,99.51,42
fin25e3w_s,float64,44,8533,99.49,44
fin25e3m_s,float64,22,8555,99.74,22
fin24d1_s,float64,56,8521,99.35,56
fin14d_s,float64,35,8542,99.59,35
fin24d2_s,float64,52,8525,99.39,52
fin11a_s,float64,31,8546,99.64,30
fin11c_s,float64,24,8553,99.72,24
fin5lm_s,float64,31,8546,99.64,31
fin6lm_s,float64,36,8541,99.58,36
fin17dw_s,float64,6,8571,99.93,6
fin14c_s,float64,25,8552,99.71,25
fin13_1a_s,float64,24,8553,99.72,24
fin13_1b_s,float64,17,8560,99.8,17
fin13am_s,float64,25,8552,99.71,25
fin13alm_s,float64,25,8552,99.71,25
fin13bm_s,float64,23,8554,99.73,23
fin13blm_s,float64,25,8552,99.71,25
fin13cm_s,float64,22,8555,99.74,22
fin13clm_s,float64,24,8553,99.72,24
fin21_s,float64,17,8560,99.8,17
fin14b_s,float64,19,8558,99.78,19
fin13cw_s,float64,13,8564,99.85,13
fin13f_s,float64,14,8563,99.84,14
fin14a_s,float64,20,8557,99.77,20
fin25e3lm_s,float64,6,8571,99.93,6
fin13aw_s,float64,11,8566,99.87,11
fin13bw_s,float64,9,8568,99.9,9
fin24d3_s,float64,8,8569,99.91,8
fin5n_s,float64,6,8571,99.93,6
fin6n_s,float64,5,8572,99.94,5
fin13f_1_s,float64,3,8574,99.97,3
fin32_33_34b_s,float64,1,8576,99.99,1
con1,float64,1982,6595,76.89,1921
con2a,float64,598,7979,93.03,597
con2b,float64,275,8302,96.79,275
con2c,float64,145,8432,98.31,145
con2d,float64,289,8288,96.63,289
con2e,float64,121,8456,98.59,121
con2f,float64,157,8420,98.17,157
con2g,float64,277,8300,96.77,277
con3a,float64,433,8144,94.95,433
con3b,float64,85,8492,99.01,78
con3c,float64,85,8492,99.01,75
con3d,float64,85,8492,99.01,85
con3e,float64,85,8492,99.01,81
con3f,float64,85,8492,99.01,78
con3g,float64,85,8492,99.01,85
con4,float64,409,8168,95.23,409
con5a,float64,97,8480,98.87,97
con5b,float64,217,8360,97.47,217
con6,float64,85,8492,99.01,85
con7,float64,85,8492,99.01,85
con8,float64,301,8276,96.49,301
con9a,float64,1958,6619,77.17,1945
con9b,float64,1170,7407,86.36,1166
con10,float64,181,8396,97.89,179
con11,float64,1102,7475,87.15,1101
con12d,float64,1102,7475,87.15,1101
con12w,float64,142,8435,98.34,141
con12m,float64,97,8480,98.87,97
con12lm,float64,85,8492,99.01,85
con13,float64,95,8482,98.89,94
con14,float64,1102,7475,87.15,1101
con15,float64,104,8473,98.79,78
con16,float64,1102,7475,87.15,1101
con17a,float64,1102,7475,87.15,1101
con17b,float64,1102,7475,87.15,1101
con17c,float64,97,8480,98.87,96
con17d,float64,265,8312,96.91,265
con18,float64,1102,7475,87.15,1101
con19,float64,1102,7475,87.15,1101
con20,float64,865,7712,89.91,865
con21,float64,828,7749,90.35,827
con22,float64,85,8492,99.01,85
con23,float64,528,8049,93.84,527
internet,float64,1982,6595,76.89,1947
con26d,float64,1006,7571,88.27,1005
con26w,float64,406,8171,95.27,405
con26m,float64,95,8482,98.89,95
con26lm,float64,109,8468,98.73,109
con27,float64,1078,7499,87.43,1077
con28d,float64,253,8324,97.05,253
con28w,float64,646,7931,92.47,645
con28m,float64,720,7857,91.61,719
con28lm,float64,97,8480,98.87,97
con28n,float64,85,8492,99.01,39
con29,float64,301,8276,96.49,301
con30a,float64,1054,7523,87.71,1053
con30b,float64,1054,7523,87.71,1053
con30c,float64,1090,7487,87.29,1089
con30d,float64,1054,7523,87.71,1053
con30e,float64,1018,7559,88.13,1017
con30f,float64,310,8267,96.39,309
con30g,float64,874,7703,89.81,873
con30h,float64,598,7979,93.03,597
con31a,float64,790,7787,90.79,789
con31b,float64,589,7988,93.13,589
con31c,float64,193,8384,97.75,193
con31d,float64,564,8013,93.42,563
con31e,float64,85,8492,99.01,85
con31f,float64,241,8336,97.19,241
con31g,float64,85,8492,99.01,85
con31h,float64,336,8241,96.08,334
con32a,float64,646,7931,92.47,645
con32b,float64,85,8492,99.01,85
con32c,float64,85,8492,99.01,83
con32d,float64,85,8492,99.01,85
con32e,float64,85,8492,99.01,74
con32f,float64,85,8492,99.01,81
con32g,float64,85,8492,99.01,82
con32h,float64,97,8480,98.87,97
con10_s,float64,8,8569,99.91,8
con11_s,float64,85,8492,99.01,85
con12d_s,float64,85,8492,99.01,85
con14_s,float64,85,8492,99.01,85
con16_s,float64,85,8492,99.01,85
con17a_s,float64,85,8492,99.01,85
con17b_s,float64,85,8492,99.01,85
con18_s,float64,85,8492,99.01,85
con19_s,float64,85,8492,99.01,85
con20_s,float64,65,8512,99.24,65
con21_s,float64,62,8515,99.28,62
con26d_s,float64,77,8500,99.1,77
con27_s,float64,83,8494,99.03,83
con28m_s,float64,53,8524,99.38,53
con30a_s,float64,81,8496,99.06,81
con30b_s,float64,81,8496,99.06,81
con30c_s,float64,84,8493,99.02,84
con30d_s,float64,81,8496,99.06,81
con30e_s,float64,78,8499,99.09,78
con30f_s,float64,19,8558,99.78,19
con30g_s,float64,66,8511,99.23,66
con30h_s,float64,43,8534,99.5,43
con31a_s,float64,59,8518,99.31,59
con31b_s,float64,42,8535,99.51,42
con31f_s,float64,13,8564,99.85,13
con2a_s,float64,43,8534,99.5,43
con15_s,float64,8,8569,99.91,6
con17d_s,float64,15,8562,99.83,15
con29_s,float64,18,8559,99.79,18
con31d_s,float64,40,8537,99.53,40
con31h_s,float64,21,8556,99.76,21
con32a_s,float64,47,8530,99.45,47
con3a_s,float64,29,8548,99.66,29
con4_s,float64,27,8550,99.69,27
con28d_s,float64,14,8563,99.84,14
con28w_s,float64,47,8530,99.45,47
con23_s,float64,37,8540,99.57,37
con31c_s,float64,9,8568,99.9,9
con2b_s,float64,16,8561,99.81,16
con2d_s,float64,17,8560,99.8,17
con26w_s,float64,27,8550,99.69,27
con2c_s,float64,5,8572,99.94,5
con2e_s,float64,3,8574,99.97,3
con2g_s,float64,16,8561,99.81,16
con5b_s,float64,11,8566,99.87,11
con12m_s,float64,1,8576,99.99,1
con26lm_s,float64,2,8575,99.98,2
con12w_s,float64,5,8572,99.94,5
con2f_s,float64,6,8571,99.93,6
con13_s,float64,1,8576,99.99,1
con26m_s,float64,1,8576,99.99,1
con28lm_s,float64,1,8576,99.99,1
con5a_s,float64,1,8576,99.99,1
con17c_s,float64,1,8576,99.99,1
con32h_s,float64,1,8576,99.99,1
