,count,mean,std,min,25%,50%,75%,max
year,8577.0,2017.7615716450973,4.70715919809505,2011.0,2014.0,2017.0,2022.0,2024.0
pop_adult,7893.0,37967795.21424047,126851847.92820007,228016.0,3749429.0,8529919.0,25769271.0,1176678702.0
account_t_d,8487.0,0.6086452140868828,0.2812923413004285,0.0040491151711883,0.3736792745716585,0.619083851929624,0.875771541056988,1.0
fiaccount_t_d,8395.0,0.5778246568051202,0.3004302862899446,0.0040491151711883,0.305505704948433,0.573062136250947,0.8745646309588325,1.0
mobileaccount_t_d,2527.0,0.2840005868493651,0.18770516340672053,0.0,0.134864301538399,0.243727472289491,0.406948580855648,0.939387671578375
borrow_any_t_d,6412.0,0.5050788522986327,0.14783902282339634,0.0667380349992535,0.404863524455796,0.49330122737177196,0.5992422866224558,0.960750468446963
fin4_d,1123.0,0.3454467389484244,0.19640167198943875,0.0182662469530035,0.17784402945245048,0.31590772419982,0.49983765484639653,0.856300247884326
dig_acc,1375.0,0.46343188215057374,0.22271163524542104,0.028119792814563,0.2769277403602135,0.452995536728934,0.630784995359133,0.984624911865744
fin11_2a,620.0,0.22984146644609657,0.11964299139893478,0.0,0.1415962983308925,0.2102554445985205,0.29214262461403273,0.650279775091393
fin11a,440.0,0.17783478982466758,0.08914162520185524,0.0,0.11252408581824225,0.166668652632744,0.23215938774605926,0.438151084692597
fin11b,512.0,0.20855495366494872,0.10174431971896702,0.0,0.12987947694415602,0.19721806696879252,0.27265163952147,0.552674968575215
fin11c,356.0,0.15223432235972023,0.06729039260824077,0.0,0.1156663049614335,0.1456809534770685,0.18611975867189626,0.389971864768019
fin11f,380.0,0.16503361573787229,0.09884123644268854,0.0,0.10733843345478775,0.150435063302016,0.198763321898569,0.6334460840451
fin11d,608.0,0.2751258181479043,0.1636364206335389,0.0,0.1413684424176165,0.234914397011307,0.41022308307016697,0.746900991866004
fin11e,740.0,0.1760571741279757,0.07491036341209938,0.0,0.12404718154868424,0.1642285574327205,0.21805055009235774,0.546146688921327
fin14a,277.0,0.2000126249707083,0.11073540490148293,0.0142668663682701,0.118156437046479,0.18097283353341,0.264870868509088,0.506606869867928
fin14b,265.0,0.1945558437130396,0.09778452429057784,0.0234724517982352,0.120490456252453,0.169572932774856,0.268741997780431,0.479796495004436
fin14c,336.0,0.19807334972679122,0.11538974293914558,0.0314979775800694,0.11620976287474424,0.1628836739169105,0.246789627286879,0.572503566232643
fin14d,454.0,0.3141854895059286,0.15761685912945814,0.0341492487692347,0.19138402575354627,0.28490381344312654,0.41712017710920246,0.745708336172234
fin13_1a,322.0,0.20770297129399962,0.0832726603351596,0.0,0.139480339414996,0.208133190365307,0.26678880213613326,0.402473544849868
fin13_1b,239.0,0.14590230631792125,0.06005843349293266,0.0035987463662551,0.105015268545118,0.139650537544485,0.1863711191178985,0.311390808842242
fin26a,3170.0,0.32380534093314006,0.22017279700180917,0.0,0.14384308281898073,0.268789419216996,0.47992783674780476,0.96006303111223
fin26b,1959.0,0.33246526923316283,0.22726184257397444,0.0,0.14385228609525552,0.260831043332227,0.504629097003142,0.954331433865546
fin27a,1223.0,0.23528478802120012,0.18659840426990368,0.0,0.09167019523269354,0.182527462619355,0.3547845099788275,0.92281980728335
fin27b,659.0,0.12277893001245933,0.08517519742550309,0.0,0.049958021729325605,0.117847011591927,0.17921408099477798,0.517617691230528
fin17f,442.0,0.14553342460345062,0.10018308112077845,0.0,0.07049419510689249,0.124878100350233,0.19749303611636,0.516515485754013
fin17a_17a1_d,6192.0,0.2801140452934615,0.181232077450714,0.0,0.13942756502479825,0.2318820525305795,0.3862266621196562,0.876543998484332
fin17a,5712.0,0.27127005850826064,0.18362905474216348,0.0,0.13230136824970073,0.21528083469173298,0.37322908018381873,0.876543998484332
fin17b,1002.0,0.20562947732537953,0.13502036936205597,0.0,0.110225733084882,0.187946919163414,0.27668611439700724,0.692497847402759
fin17c,2932.0,0.18774026056165843,0.1037504331327602,0.0,0.11442443019646525,0.1736724567154335,0.25585765682867073,0.573678699062737
fin22d,4038.0,0.1858586284682525,0.09159002385724994,0.0,0.12225077088269401,0.169257691219383,0.23398849422947748,0.684721635064812
fin22e,1673.0,0.1278089948228372,0.06375089630724058,0.0053683107525841,0.0859907022361622,0.12219966416282,0.164372846799599,0.357649860353057
fin22a_22a1_22g_d,4956.0,0.24935902089590728,0.16902724399908847,0.0,0.128134531350752,0.19976228549407,0.32007858626263547,0.943976280410579
fin22a,3477.0,0.14642340913904564,0.07220992752889309,0.0,0.097584652595647,0.138728155367626,0.183485649636605,0.553285476895911
fin22a_22g,4561.0,0.25260453052739545,0.17372515312385434,0.0,0.128852120987045,0.200248364832174,0.326232495405517,0.943976280410579
fin22a_1,344.0,0.1051255532489334,0.09515544118099227,0.0,0.025360354357083576,0.08203417685794145,0.165110182161286,0.404303837230113
fin22b,6044.0,0.2827755350192134,0.12402438529146298,0.0,0.18569284584058898,0.267558072243959,0.3646803227716733,0.752903488805728
fin22c,958.0,0.10214850208098929,0.0789066318700685,0.0,0.030927620943126025,0.09985274082124625,0.148565436994563,0.381198661921189
fin24sav,2419.0,0.22045631197118837,0.14849873410912826,0.0,0.1238419722488535,0.170424868562589,0.25861241625111253,0.768730801750971
fin24fam,2996.0,0.36365561939380203,0.12678834607860365,0.0,0.28565563238081126,0.359057742928217,0.4367362726739275,0.846863344699324
fin24work,2493.0,0.1790465108926424,0.0857767840667688,0.0,0.121671636319873,0.166798603573132,0.225437509923215,0.601334789118341
fin24bor,856.0,0.11497025023685213,0.055836967693462754,0.0052502095787515,0.08048911522455335,0.1131379979080755,0.13932121688585025,0.327891521317106
fin24sell,1130.0,0.14003780151012651,0.06934541955713018,0.0,0.09707590204833642,0.136639442806318,0.18350495345819523,0.342555277866348
fin24other,257.0,0.024053806865129455,0.019075895407892885,0.0,0.0089813606063643,0.0199370213394615,0.0319059190955109,0.0996452181065794
fin24aVD,2908.0,0.33237710349139693,0.141560278232087,0.0271081530930976,0.22128196953803625,0.33290755098818203,0.43977465324979426,0.781540856740838
fin24aSD,3036.0,0.3156468032455441,0.09200379774668646,0.0528973229329077,0.2517193266346247,0.313974398034197,0.3784170564586088,0.614660315021556
fin24aND,2695.0,0.25987309355210886,0.16533843142498778,0.0110744710645331,0.139800295185381,0.209016077525639,0.33157381923705354,0.899622954668193
fin24aSD_ND,3036.0,0.5546728766464049,0.1790062768946453,0.0957391709266173,0.41867730546729875,0.5464394665179291,0.6920193048015427,0.97576490228005
fin24aP,6455.0,0.7035384528999901,0.2220289168218927,0.0,0.527223306306714,0.756559101390969,0.898293569112931,1.0
fin24aN,5091.0,0.35073462710806425,0.2023501044564666,0.0,0.1701732148213311,0.3332595759882686,0.5107967607578141,0.9182020443950016
fin24sav_SD_ND,1857.0,0.217519890901255,0.15670722566608816,0.0,0.107781577167191,0.163054185339654,0.276536005501134,0.752833159010239
fin24fam_SD_ND,2795.0,0.20828535177582908,0.09224203941241567,0.0240755613548894,0.14284468334094003,0.187260746584785,0.2553646866517975,0.753861214155547
fin24work_SD_ND,1709.0,0.14104268037776785,0.07510610102630229,0.0,0.0920196388018218,0.129610429699779,0.173016972089998,0.49636581979309
fin24bor_SD_ND,373.0,0.065934197511845,0.0482586234891836,0.0,0.0270710271117783,0.0505579762459695,0.101420019508944,0.268314689275045
fin24sell_SD_ND,399.0,0.06694540597573143,0.052182006541576044,0.000646173304871,0.019717809579941847,0.0516711219777909,0.110336986476726,0.200455711368763
fin24other_SD_ND,257.0,0.013047938255389727,0.011204695458417091,0.0,0.0045006817869914,0.0094774043979668,0.0191929114684562,0.0655677942193661
fin24sav_VD,313.0,0.04429945605308949,0.03909692837876441,0.00060619152541071,0.0152863345415387,0.0301946491923653,0.054923411099739,0.171897743564943
fin24fam_VD,2326.0,0.184660572739282,0.06674225734239708,0.0101489400462267,0.1372879739758025,0.181261661544123,0.22562373124506124,0.469975477111525
fin24work_VD,565.0,0.09788927675481554,0.06144478140642071,0.0,0.0402249359487298,0.0973255171596786,0.141096639573997,0.258883698854574
fin24bor_VD,311.0,0.04731054933457598,0.04044026523003419,0.0020652955062355,0.019563476797622402,0.0324674594617098,0.06266828977298765,0.173512800006423
fin24sell_VD,585.0,0.0876599722607821,0.05706865042514543,0.0,0.0313993214009601,0.0952811671584718,0.124126595171694,0.246751599032541
fin24other_VD,257.0,0.010646100732047435,0.010677683778641143,0.0,0.0030532920429804,0.0075712012315586,0.0147027414114029,0.0703179218012793
fh1,2378.0,0.2437490629728682,0.12771758392053675,0.0177957781564191,0.14808920326567399,0.219928074170323,0.315972921459213,0.712134160371269
fin28,1478.0,0.1970806408065351,0.11472288939830601,0.0,0.11333340175374175,0.175757037700575,0.26165013735329823,0.618459336597553
fh2,2506.0,0.2864878531972174,0.13457468059715366,0.040542850144505,0.1838709581743945,0.250249784064434,0.37264125460738423,0.761331473138789
fin29,1642.0,0.21371203422493576,0.12254424937945503,0.0,0.12277404732133326,0.186855373248842,0.28597515084126723,0.659846001075307
fin31a_31b,3940.0,0.30958939312004763,0.2219059763904795,0.0,0.1365958155086785,0.237064710181896,0.4483456820603125,0.894244225488744
fin30,6220.0,0.5072244961336828,0.22147829456696239,0.0271171402041875,0.31746833524766427,0.5242284587334944,0.6936103372101833,0.94560086541796
fin31a,3386.0,0.3109397248139101,0.23504036176156443,0.0,0.1264119108445765,0.2319942306033325,0.48403968160011324,0.894244225488744
fin31b,2538.0,0.17786998649755936,0.12083302935814705,0.0,0.08914490207088742,0.1591369248119185,0.2528534270644763,0.662380514110733
fin31d,4941.0,0.3224671350528056,0.1838755930365752,0.0,0.166778340880921,0.296003637685618,0.448229741642124,0.919759607531919
fin32_33_34a,1669.0,0.11270895821551634,0.07885983634637084,0.0,0.0438839787523511,0.109786001524675,0.162837802146683,0.435866782150606
fin32_33_34b,569.0,0.009464942846776974,0.019088291876041413,0.0,0.0,0.0034029623141038,0.0099201821954071,0.148137472796367
fin32_33_34c,577.0,0.014232749704322837,0.02411956226533417,0.0,0.002514374122737,0.0075160018879791,0.0154126798357924,0.248772438775937
fin32_33_34d,597.0,0.015768721691798916,0.04574159924410471,0.0,0.0,0.00085545500479306,0.0056699087727339,0.380841157701016
fin32_33_acc,1801.0,0.116221174271499,0.07923814224836677,0.0,0.0479643735380309,0.113587892954565,0.163685911101964,0.435866782150606
fin32_33,2169.0,0.12290172775110772,0.07566472262123151,0.0,0.0598685437196235,0.1186925245498,0.168219884819092,0.441906175964499
fin32_n33_34a,3114.0,0.23038248015194285,0.15451769535283583,0.0,0.10228214817496675,0.20312872385292352,0.34665593913489723,0.781283619874684
fin32_n33_34b,795.0,0.05805241976742619,0.07225061966609385,0.0,0.00277986589116765,0.0233995616884292,0.0950585440419266,0.385371983251064
fin32_n33_34c,2441.0,0.1305205346476327,0.06963121429791874,0.0,0.0867983402436287,0.125199818626149,0.167944424149524,0.502670256642792
fin32_n33_34d,697.0,0.037992597580211514,0.06762203909991613,0.0,0.0011206835911072,0.0053751350909921,0.0359294334506453,0.414394108854914
fin32_n33_acc,3536.0,0.2290059694820714,0.15094198938616474,0.0,0.10698576133104325,0.1981388677034165,0.3379100202994585,0.800466712662089
fin32_n33,5796.0,0.2569508961616037,0.1392194660906074,0.0,0.150539895294829,0.234330938507675,0.34464813806621597,0.85246135175967
fin32,6188.0,0.32273403553689944,0.1834936831801005,0.0,0.18025760906076826,0.29081259924785396,0.43732791391321274,0.960492316133032
fin32_acc,4398.0,0.27710605225736984,0.19563706521417096,0.0,0.11898142402627526,0.225289716416174,0.40554972323574223,0.949361384983952
fin34a,3946.0,0.27610035689938206,0.19963289920313154,0.0,0.113151411829959,0.2229013781772115,0.4184463636681753,0.943821194880003
fin34b,1024.0,0.08131877387983741,0.08465946173657188,0.0,0.0094357951435735,0.0555001637406355,0.1339331429297205,0.488742572387875
fin34c,2999.0,0.14003171632222833,0.07390963706921543,0.0,0.0917912989371336,0.133217018162145,0.178527129394351,0.542577568587916
fin34d,807.0,0.06712081601585872,0.10339104356912808,0.0,0.00242383325557855,0.0110759256398143,0.10290395358707949,0.621404689832967
fin37_38_39a,2353.0,0.22745116890203781,0.14726879427230966,0.0,0.126593151623517,0.18970313289172,0.3059492875353,0.860418046957144
fin37_38_39b,471.0,0.04667929381020813,0.09437077586668835,0.0,0.0017581086373633999,0.0122966455991245,0.0350969537787751,0.507212304701736
fin37_38_39c,713.0,0.0814888726908126,0.0786506385801821,0.0,0.0169524151789157,0.0481255426234157,0.134437909818437,0.403530812945013
fin37_38_39d,415.0,0.014462360222086138,0.029471479509036388,0.0,0.0015588368942134499,0.0058479164286549,0.01486868104247785,0.22030953833452
fin37_38_39_acc,2602.0,0.23524213746972383,0.15112858972841145,0.0,0.1291973045653835,0.197348139742496,0.30875269975271147,0.885136256082761
fin37_38,3534.0,0.27201813987579215,0.16258598199721636,0.0,0.14873115028621775,0.22866307313328949,0.3594344025975675,0.894507557589234
fin37_39a,2299.0,0.18677284788640283,0.1339683874239051,0.0,0.102187663846444,0.159900477549963,0.244940489378477,0.852649554084386
fin37_39b,599.0,0.029403514292620964,0.08214404751729483,0.0,0.0,0.0046143342213254,0.018015052845961402,0.504165440104747
fin37_39c,769.0,0.05439168120121604,0.060053047157036486,0.0,0.0110229862115551,0.0254482760431021,0.0928816486117639,0.389025303466775
fin37_39d,617.0,0.02866518976202257,0.06215832147330948,0.0,0.0015565651686524,0.0058790405133154,0.0178780933799963,0.381936835982659
fin37_39_acc,2609.0,0.19297059013195555,0.1376098921668416,0.0,0.107118721997695,0.15931408843006,0.246873784554417,0.871984088997949
fin37,3864.0,0.21200781254118078,0.13365035190244398,0.0,0.12160909724823775,0.174053528134708,0.267797344252768,0.885145638344936
fin38_39a,1591.0,0.1367471494262771,0.0996706233837297,0.0,0.058955665960890954,0.12758009328385,0.186935718014035,0.624960932232522
fin38_39b,405.0,0.005925239052019744,0.00999295886229513,0.0,0.0,0.0027762977734409,0.0072617437458508,0.0911381659864037
fin38_39c,569.0,0.04788664608687656,0.06992146679933803,0.0,0.0028424453073245,0.0103550610288934,0.0812373430911656,0.373665478893686
fin38_39d,405.0,0.003938503998235054,0.006459370580236972,0.0,0.0,0.0013378327879456,0.004682206751518,0.0417387045017824
fin38_39_acc,1643.0,0.14311149008822308,0.10036291897184119,0.0,0.06624194957353319,0.1358089512042189,0.19486928629494948,0.624960932232522
fin38,1973.0,0.1782468633942454,0.11825759961257726,0.0,0.0895317155515861,0.166769190723163,0.246496117209535,0.800769656263215
fin2_t_d,7193.0,0.48722967372861586,0.29700229883747037,0.0026948208012008,0.221025545609363,0.443654736305179,0.764954290715395,1.0
fin42,3508.0,0.21797167868900505,0.13160756995276698,0.0,0.12329381537593075,0.192840835213835,0.2981315702318463,0.779498385055991
fin42_acc,717.0,0.04866306597341771,0.057759729119117316,0.0,0.006353138416809,0.0229361831008752,0.0737374956749629,0.246892144137157
fin43a,557.0,0.0145454739990129,0.01591865773647934,0.0,0.0016685445017826,0.0102753317260151,0.020970014333284,0.0979640952395862
fin43b,491.0,0.03426930549645983,0.05138868322672133,0.0,0.0,0.0069019527774213,0.04467341533814615,0.208404849957293
fin43c,2789.0,0.19684817788481052,0.12403776718269523,0.0,0.109953223061791,0.177726492617334,0.268512125907338,0.722674638564676
fin43d,405.0,0.000994609941248522,0.001852150772261139,0.0,0.0,0.0,0.0014229701066163,0.0119320308808091
fin45a,838.0,0.14923617977692202,0.05226772733263456,0.0,0.11583486166945225,0.14871267979164648,0.18254162295661025,0.359557458687081
fin45c,1327.0,0.27373914063781446,0.09403006870729726,0.0,0.204074347931735,0.277378587137773,0.34267469563686304,0.556355413879819
fin45d,1399.0,0.31501419645864226,0.10282159411001855,0.0749886089727793,0.244025123831761,0.304454794137841,0.381259222004605,0.698914612157512
fin45e,933.0,0.18694681135600222,0.095377941550432,0.026078814671219,0.119223781266918,0.167125500322403,0.231717025832948,0.672950544591494
fin45b,395.0,0.1322284064289321,0.05971251355023522,0.0121430198736214,0.09300906030227304,0.132105235941504,0.1694676284492905,0.300327441308911
fin25e2,1710.0,0.3170906762723792,0.2172938338662705,0.0,0.1380448676020425,0.2590151443865275,0.47373437078358,0.972779563109437
fin9b,985.0,0.3029036549287337,0.1866224381895741,0.0169432097315275,0.151183881435902,0.27206145000195,0.417029134508951,0.858080960501217
fin10,4212.0,0.2642342839894532,0.2044877483353952,0.0,0.10969873804161451,0.1997456130594645,0.3889346974395433,0.926666204993175
fin22g,2867.0,0.24386524145959496,0.1906895931946076,0.0,0.0994665057459953,0.191161511853832,0.3538046234512985,0.909611485569499
fin22h,1027.0,0.2151637277919325,0.17543697899659313,0.0,0.0787565024130063,0.168679171047095,0.3099655664840695,0.773527854677633
inactive_t_d,869.0,0.07809285406764356,0.07727541158742622,0.0,0.0185384680960322,0.0447621936678926,0.126789721699773,0.409190500383156
fing2p_acc,3114.0,0.2675179664843729,0.16157196135133783,0.0,0.14702166901553526,0.22900536838754149,0.3558849018754655,0.904233452109292
fing2p_card,747.0,0.058696434860729355,0.08421965114947157,0.0,0.0042309469476374505,0.0160596502525901,0.09280626741711881,0.428614286742635
fing2p_cash,769.0,0.09003548218972186,0.07785916549323432,0.0,0.0246947283527227,0.0659424968910248,0.140373969391217,0.426820479380803
fing2p_fin,3618.0,0.2540704424417469,0.15834164657095912,0.0,0.13649718644498798,0.2195771872028605,0.34743214625188246,0.885083072841354
fing2p_mob,702.0,0.05193409997059599,0.08912154959832715,0.0,0.00203357860479985,0.0140333107245099,0.06559583111160375,0.534936247311813
fing2p,4020.0,0.3041721731777581,0.1748172367852664,0.0,0.16452158986079624,0.262595598489826,0.4126557906365547,0.917382429995988
g20_made,5780.0,0.468842479494875,0.27610900176125186,0.0069037975593693,0.23603771077951274,0.413045721513786,0.6831058862370395,1.0
g20_received,5778.0,0.40094256084782953,0.2331568405875754,0.0049065859049492,0.21077618256863676,0.344468950840633,0.573564868301984,0.988207257741011
g20_any,6152.0,0.532411895205025,0.2722870131895742,0.0125791745094713,0.30416255670952075,0.499618544138804,0.7685661272659585,1.0
merchant_pay,1754.0,0.32741895658580705,0.2202075460055018,0.0,0.14524306443494076,0.2667197569320575,0.48572069923633626,0.972779563109437
save_any_t_d,6402.0,0.4984376917238547,0.18068782876917897,0.0561501959754052,0.3637242683725822,0.48641599741282804,0.6282059996418542,0.972890931119656
fin11_1,176.0,0.09220744924678993,0.04422107686871724,0.0,0.0575821537511305,0.102741834903354,0.124836745960891,0.183158106933392
fin5w,316.0,0.11870340200711933,0.07973980153619996,0.0014701873599519,0.054277006685598025,0.11078344861981651,0.169997608260321,0.339169604428238
fin5m,1009.0,0.3056793348273006,0.18479444250991936,0.0181263637085441,0.159656125031892,0.261958920244543,0.424467262003173,0.851707616250743
fin5lm,472.0,0.15193053854497274,0.0702651261405298,0.016612216278894,0.10195989910358774,0.1402617708352505,0.19010439062371776,0.354645576644443
fin5n,172.0,0.0836377018280762,0.07556561670226492,0.0026276413548173,0.018334830214207752,0.047520425503179795,0.132698220832274,0.297960484629784
fin6w,616.0,0.22088213334049472,0.1490869288400514,0.0,0.1069220877931735,0.19152565680636,0.30727157382998604,0.783674256262176
fin6m,949.0,0.2220108696724415,0.1039344840931523,0.0132291065139787,0.140916421075165,0.216410476951486,0.294945535518075,0.552143948551792
fin6lm,532.0,0.14778468865927788,0.06689485931929141,0.0138713390749991,0.1042701827349535,0.1326926913768715,0.17528540719907526,0.385781531251143
fin6n,160.0,0.07688836152102656,0.07025989219347784,0.0048225744771696,0.01884813534847575,0.0430406623976982,0.12361667373612625,0.290078328920037
fin11_0,68.0,0.012404783506721638,0.017689145545980778,0.0,0.0010007742239377525,0.0058921363948511,0.016058154219699625,0.0985377545820471
fin9a,1021.0,0.267231377376852,0.15884960933808998,0.0101792933090866,0.148618339388072,0.238987181373564,0.348401819091229,0.831271079703999
fin17dw,172.0,0.08494416595971332,0.06950189700998638,0.00066534709845533,0.024249213283151674,0.06033480071699645,0.13317395575110524,0.269862130009537
fin17dm,781.0,0.15324519201914702,0.07271605937271207,0.0,0.100416177146769,0.146864252358389,0.198748721595321,0.438734965493173
fin17dlm,604.0,0.13211048004969528,0.05428388064538002,0.0067584062903734,0.0980548963538121,0.125648906549568,0.16384579837117674,0.344563855226361
fin17e,478.0,0.16114896844662077,0.11437282162449332,0.0049455571702935,0.08199794278871667,0.13895705171065048,0.2144902913882955,0.651760825574252
fin7,232.0,0.11858450097270914,0.07149690484080855,0.0108348637291444,0.05223700824380015,0.11331049362791501,0.176069821670323,0.301928861300085
fin3,1159.0,0.35978061860929067,0.23010629163434823,0.0168807703012182,0.164564641799715,0.312528433569336,0.5460056126999491,0.971366629059734
fin19,847.0,0.18799464119582648,0.11505483912044726,0.0086362274381054,0.10654256917503149,0.162227641588603,0.244114038884772,0.66115761303425
fin20,571.0,0.14205206173991541,0.082908902116543,0.0,0.0896258430483046,0.122864348759729,0.177483962464627,0.487657422657309
fin21,307.0,0.12995311472529902,0.08168921218853831,0.0010388644267504,0.06547434692325796,0.131074872987798,0.17858598413187748,0.393035907316221
fin24ba,1255.0,0.18833596359199772,0.07383063722589808,0.0400698330895153,0.13311861716485351,0.172841854248041,0.2344408854749145,0.542162018868903
fin24bb,1399.0,0.2660594047493844,0.05773545522773217,0.0996716047173123,0.227119473247215,0.262977809166071,0.30426625155025955,0.489476522226759
fin24bc,1387.0,0.16936709356407792,0.03748972929045056,0.0571944205447804,0.1457412123806825,0.167464965182211,0.1881934007773515,0.358027049126315
fin24bd,1387.0,0.30177499635120714,0.09486352285741415,0.0513595130751165,0.233657787084599,0.299505261717788,0.36452582188264404,0.580390586383786
fin24c,1195.0,0.2727295682216966,0.15981093018108045,0.0,0.15843215937584298,0.22905529703312,0.334176832141433,0.8336068436137
fin24d1,777.0,0.19443464959826318,0.11578111295898405,0.0022911980722317,0.118120040355637,0.161557803572975,0.244236926529395,0.622269590789387
fin24d2,729.0,0.20399928727594013,0.12565819303350378,0.0034375944383309,0.117952157761981,0.164530433232542,0.261016922856338,0.711175082473197
fin24d3,204.0,0.07806924056853119,0.05581500899933843,0.0,0.023109289288382524,0.0728632926436123,0.12484026096889025,0.206068589048372
fin25e1,829.0,0.2784687313087772,0.18226520497215137,0.0,0.142265387767686,0.228342176684333,0.379329319882171,0.925724182747188
fin25e2b,2498.0,0.3495111696819069,0.1377932921143593,0.0,0.24918907616595048,0.34743060194476405,0.4384289988677873,0.8072404449597438
fin25e3w,646.0,0.27704717432351483,0.18712559460600997,0.0,0.1338321207906715,0.2515260320842845,0.39781954894336724,0.83819042719018
fin25e3m,382.0,0.11938779836537707,0.05981269802602924,0.0041923676912285,0.08329902311997905,0.1221481849698835,0.15547068468295,0.340451628777631
fin25e3lm,180.0,0.0829411487088475,0.056793658803297474,0.0039294053511954,0.03889453395475985,0.06620664382503649,0.1221830289615825,0.263679211667504
fin25e4a,232.0,0.09845484213263392,0.061202116777228345,0.0,0.04927030850348578,0.1011129559741275,0.13620617649761452,0.321175586394365
fin25e4b,100.0,0.01365414590854625,0.012468664549952487,0.0,0.004031306419484525,0.0093447232138648,0.020368820043011326,0.0528762512850454
fin25e4c,100.0,0.017876452433675846,0.012489756205537477,0.0,0.008745900858071476,0.0150229864591608,0.02462914203189365,0.0680588792884515
fin25e4d,1189.0,0.27347656511617585,0.11616316724693944,0.0216831587187869,0.184060000565517,0.25851179229027,0.34558278501507,0.66176509480468
fin25e4e,100.0,0.012960298753690005,0.012310789900515293,0.00011316325797949,0.004190409903505825,0.00809711107505675,0.020428763034017375,0.0550758568909957
fh2a,853.0,0.20138848818066227,0.09211190503947675,0.025858255228665,0.13285655152959,0.185551793958754,0.252422805317004,0.524620685378252
fin31c,100.0,0.00998812596466247,0.011592921561340369,0.0,0.002147874872101525,0.0056742322853481995,0.0130870143721619,0.0506053442030733
fin36a,135.0,0.0621880336441084,0.038646789484509295,0.0072519600666653,0.032511886371753104,0.0529721796086823,0.08230007077421456,0.200950579423362
fin36b,724.0,0.18738998275800547,0.13249782955259679,0.0,0.08926237489664181,0.15802527173566294,0.255289935420052,0.697117529121782
fin40a,352.0,0.11154790497280298,0.05979165870462297,0.0021093180585747,0.06924730477868697,0.113873419966258,0.15282726713157124,0.292989645825658
fin40b,280.0,0.11808642423880718,0.07402184725605225,0.0058493796373799,0.05744911385860635,0.117363392046513,0.166643094222001,0.398863683298523
fin36Aa,20.0,0.008545139801966339,0.01753425690471737,0.0,0.0,0.0,0.0,0.0427256990098317
fin36Ab,20.0,0.00102908695350754,0.002111641873423995,0.0,0.0,0.0,0.0,0.0051454347675377
fin8,1057.0,0.28703888416507606,0.17364742652126955,0.0324098576356174,0.14855819763004,0.259352901474294,0.3819994747813,0.865070595516184
fin13aw,169.0,0.16065584315493484,0.10279585956265834,0.0074522019486325,0.0817824453514268,0.135539028193102,0.211964846017748,0.456565498993232
fin13am,334.0,0.16931529529984363,0.06811073856516375,0.0081862090832419,0.12024863683009801,0.1637488032351455,0.219973916862312,0.404995257618223
fin13alm,335.0,0.19355238806828898,0.06317927197350362,0.0103288290948733,0.147493791691224,0.194585961312205,0.2440664291029905,0.363934015373493
fin13an,37.0,0.01476398853765984,0.009942908283183456,0.0019816334848045,0.0070457767599837,0.0119834461620681,0.0215947003501232,0.0363289187208855
fin13bw,145.0,0.1507248352337713,0.09723353140735942,0.005607825306802,0.0772596481618297,0.133929308268098,0.199290902918831,0.421149590061081
fin13bm,310.0,0.15190615513739267,0.06309789062039532,0.0112703119458485,0.10289656115824175,0.14299549210422252,0.196191320039302,0.346563992045789
fin13blm,334.0,0.2138619331314678,0.0712128044418678,0.0113828489862582,0.163732778610817,0.21650918377058048,0.26605683194609625,0.385939649145721
fin13bn,37.0,0.027657353014747452,0.020308456217048482,0.0032490140731106,0.0126999275711949,0.0243756529559345,0.0430447418173295,0.0832714631481114
fin13cw,193.0,0.18118293785273742,0.10685745785017839,0.0058116633235664,0.0982615747753398,0.159791903950693,0.238153152533188,0.499850222423447
fin13cm,298.0,0.15176649146344248,0.054856791851769886,0.0104424576732383,0.11249451936817875,0.15002661812123902,0.18823915825450427,0.314898228498831
fin13clm,323.0,0.1974737192102607,0.06351024319255526,0.0128079911027561,0.1509854105557005,0.207466886867495,0.244992326027937,0.369474990326771
fin13cn,37.0,0.01557405849432335,0.014069337911976178,0.0016063244030431,0.0054995325791683,0.0092369394365275,0.0234279963081997,0.0572561888031145
fin13e,264.0,0.20857392524429258,0.1203883658936035,0.0063655277206148,0.11945279281148674,0.17541699058822952,0.29169061624070924,0.57576672244079
fin13f,205.0,0.16874393507976548,0.11659049995427821,0.0044075167311372,0.0887831613018061,0.144618110251616,0.204728106495821,0.619809053530614
fin13f_1,73.0,0.11864932956513459,0.10148424988202567,0.001493387147789,0.0362717956122826,0.0893829034078058,0.165453923813658,0.347636912712829
fin15,205.0,0.13301549608429736,0.05013474143618967,0.0316228373843355,0.099700415194728,0.125465357710121,0.153691336445767,0.390816769355654
fin16,73.0,0.09288210391794957,0.04075777617944802,0.0055875127552611,0.0633073580857557,0.0900520450979899,0.124531089673783,0.193103919770586
fin22f,1209.0,0.29931659745830363,0.1368557996089659,0.0,0.191904013345376,0.286658907501888,0.395226143364011,0.657866669226268
fin41,100.0,0.018098015738944675,0.013448389738716865,0.0,0.0090501716322299,0.015714945803752,0.022205822937138676,0.0725955197490783
fin35,100.0,0.04065060525312492,0.021467553522592397,0.0034545032543964,0.025567839434784502,0.0341361730419725,0.05634690734555465,0.0971186999985105
fin44,196.0,0.09105354305137071,0.06267821460278003,0.0,0.04139862579502395,0.07487080586346105,0.14423868535531525,0.272650066733601
fh1_fh2,2560.0,0.37465788132469063,0.15990657573583497,0.0524113016388995,0.249744362252835,0.34443875780649,0.48361385210297675,0.85643264703672
fin28_29,1874.0,0.2639610897991034,0.1504762900884361,0.0,0.15041970867651575,0.22722284982361202,0.36153440891094346,0.755146921468559
fin31d_s,423.0,0.6587395063425869,0.23075116107872645,0.131979180128869,0.49114608780910035,0.6820987318296118,0.8550945071758923,1.0
fin32_n33_34c_s,182.0,0.6204740421734217,0.17215805844864873,0.2243972908430965,0.5053670981486613,0.6308817578348985,0.763108328520164,0.9828612077330218
fin34c_s,236.0,0.539815294092919,0.17629532200519835,0.1733105768539919,0.4145563272064449,0.5313034826700922,0.6709023906507456,0.983233414076494
fin43c_s,216.0,0.8180549725488345,0.12835425719757063,0.3383028760962042,0.7356402533198185,0.8347350786003431,0.9302935437251934,1.0
fin32_acc_s,371.0,0.7211876317382102,0.18736257602677342,0.2655228299976244,0.5741490052823244,0.746967992704567,0.8872928605333926,0.996218344532543
fin34a_s,328.0,0.7030780004455014,0.1997784335706377,0.1701691175957675,0.5395576393420912,0.7256899184183205,0.8811655112666761,0.9901259590991596
fin32_33_acc_s,122.0,0.9452086342530187,0.06138855073171484,0.6174901449374657,0.9186228720379971,0.9639519800768364,0.988551791482639,1.0
inactive_t_d_s,29.0,0.24813773026107222,0.10268068070209511,0.1252485266440699,0.1678119553032651,0.237627055159045,0.2852081834777038,0.6289779698562328
fing2p_fin_s,233.0,0.713248143798383,0.1443992368853639,0.3180723927449913,0.6264937351767758,0.7388515728629068,0.8220521934757653,0.9792070882202042
fin32_33_34a_s,109.0,0.9349779512575876,0.06722815779807505,0.6721256385012258,0.904354065085938,0.9578891618878614,0.9842244641494956,1.0
fin32_n33_acc_s,288.0,0.7493677509545171,0.17267859958532816,0.3366761130804521,0.6157114167061013,0.7691072672805449,0.9042447367451761,0.9952087509568688
fin37_39_acc_s,200.0,0.7831088072702864,0.12103678977733409,0.3880417899924746,0.7178516676417594,0.792935687954127,0.8738477820672267,0.9873867343920968
fin37_39c_s,21.0,0.6314176545155731,0.20962440929505974,0.242781306934304,0.5044480921020539,0.6224919132793133,0.7973803238203282,0.9422873278739776
fin31a_31b_s,325.0,0.5612504690535658,0.24291984930214572,0.1386582875567939,0.3454695578963773,0.5379159682088278,0.7866846882782326,0.9818966735293062
fin31a_s,274.0,0.5329472886009976,0.2577736146543309,0.1395043488842479,0.3050999969689548,0.4874643981553002,0.7861267680113138,0.9818966735293062
fin31b_s,186.0,0.3907451019321981,0.1877748394280954,0.1280657167648746,0.23548147594459626,0.3599704258901236,0.5084184134667155,0.9416383621295316
fin32_n33_34a_s,248.0,0.7464662717029195,0.17118462679561586,0.2557004122248713,0.6145120923461341,0.7654135752561593,0.9066128073174186,0.9853881091459494
fin37_39a_s,170.0,0.750434555908613,0.12580354006598107,0.3721494656316174,0.6715629822987554,0.7518355156825087,0.851488880619024,0.9863094438046716
fin34d_s,25.0,0.4472372613071465,0.14055051466340832,0.265868641604754,0.3424019631596439,0.4315103869002629,0.5560354001181639,0.8052603503798054
fin32_33_34d_s,4.0,0.8169351884953535,0.06861760917970561,0.7578319429023642,0.7596917181859948,0.8080067871595717,0.8652502574689305,0.8938952367599061
fin32_n33_34d_s,14.0,0.4940816352239268,0.10816208300687231,0.2890808658370469,0.43564982039368644,0.5080954969947375,0.5567599512643212,0.6958963085178775
fing2p_card_s,1.0,0.2006103747124201,,0.2006103747124201,0.2006103747124201,0.2006103747124201,0.2006103747124201,0.2006103747124201
fin37_39d_s,6.0,0.41322990448877556,0.17635630987482576,0.2079368466806994,0.3083186635645346,0.39082254830008645,0.4701521886734391,0.7123847128678739
fin42_acc_s,15.0,0.45436791379975855,0.1957912965435949,0.2407344051459972,0.33936619670248375,0.3877132252827114,0.5451898842378154,0.9554728376278232
fin32_33_34c_s,2.0,0.7202904894821609,0.04913468764774355,0.6855470186549585,0.7029187540685596,0.7202904894821609,0.737662224895762,0.7550339603093632
fin37_38_39c_s,30.0,0.4932055653911368,0.16105664751069002,0.2748549043684614,0.38448779065578215,0.47710157986613194,0.5612610117609169,0.9185524983758488
fin38_39c_s,16.0,0.5384278472059811,0.1488577200430026,0.3612025555669285,0.47212282113021814,0.5219787520420935,0.583670268862293,0.9933580774703438
fing2p_acc_s,260.0,0.7527886410255584,0.14097894847931203,0.2404196702649809,0.6781747116529688,0.7794637120855274,0.8520679937005535,0.9889552066665468
fing2p_cash_s,35.0,0.4066471386957893,0.15103283853069957,0.1763158857112228,0.309166136820174,0.3920946686133065,0.4837843068473745,0.8635118827431937
fin37_38_39a_s,187.0,0.7030223616131329,0.1401037962202708,0.299783353686166,0.6202467835757772,0.7116830072913541,0.8181475915764813,0.9688021053713752
fin37_38_39_acc_s,211.0,0.7466172915307728,0.13784356432322187,0.3216772327752411,0.6768044990558074,0.7690048340417247,0.8504130257115626,0.987597205277931
fin38_39a_s,115.0,0.7715413863344173,0.13962036490486845,0.3933763475339039,0.680654674029189,0.775254946029549,0.8966406514307603,0.9854180021355968
fin38_39_acc_s,120.0,0.8023453328911229,0.12898994961705293,0.4498472742568615,0.7160635482398718,0.8192357653119462,0.9090011912266508,0.9938810586071124
fin34b_s,42.0,0.4139446253481137,0.12390778451954507,0.1422334961013235,0.3337591213888708,0.4060297161659586,0.48668889439845253,0.6667655332218878
fin32_n33_34b_s,21.0,0.48527445391096447,0.12956891719269434,0.2767886458775481,0.3895131642465594,0.4667206532362284,0.6054407912461056,0.7072904057094243
fin43b_s,8.0,0.3986458032220923,0.15322473939629846,0.2239720744275562,0.2877607697018252,0.3380329294055401,0.5424135083485953,0.6346861422698925
fin27b_s,37.0,0.5354038927691913,0.22622452258263748,0.1704504396315334,0.3583366694938809,0.5044924390948993,0.7382374379599345,0.8903194092979351
fin27a_s,86.0,0.7684814555877932,0.13936017739844525,0.3737442072579567,0.683974716950809,0.7996127274674465,0.8722581309543701,0.9838829948976237
fin22h_s,72.0,0.8301681153170191,0.10239845239087202,0.5651857674393986,0.7878870213349544,0.8528546720869022,0.9084351961206216,0.9796898979306752
fin28_29_s,150.0,0.6245462848395273,0.1356935000781502,0.2902462625628989,0.5218561671651216,0.6257286144593712,0.7215299910122808,0.9396437774879832
fin28_s,114.0,0.6749744383644003,0.10924068147520002,0.4326068621253516,0.5912940376993434,0.6761495228801928,0.7537328520826413,0.8878323582847703
fin29_s,129.0,0.6356484937683673,0.1268890743493818,0.2839636157588729,0.5425154601675828,0.6418586950698003,0.7280454664901397,0.9484968506843984
fing2p_mob_s,13.0,0.4213860042092102,0.14160057472791268,0.2442427304287752,0.3122675942279769,0.3816802837714529,0.5280404039699205,0.6998887924820939
fin37_38_39d_s,1.0,0.2044702199403028,,0.2044702199403028,0.2044702199403028,0.2044702199403028,0.2044702199403028,0.2044702199403028
fin37_38_39b_s,6.0,0.4221374508511689,0.1395508368197599,0.2466203850890477,0.30596555130268,0.44488152297950934,0.5448787938321359,0.558569829198865
fin37_39b_s,4.0,0.4131876517573108,0.15565442026952536,0.258342539046879,0.2914699219894878,0.41194020274208576,0.5336579325099088,0.5705276624981926
fin11_2a_s,46.0,0.47881594284410844,0.11234395554275495,0.270786035500015,0.40458832896364,0.4580972426135035,0.5636965827994848,0.786716110826326
fin11b_s,37.0,0.4376398626296606,0.13467336998162113,0.181372572576381,0.380899439895045,0.43809140070145,0.508544879158813,0.711377455987224
fin11f_s,26.0,0.323007399857092,0.10895253150293775,0.178351738920089,0.25162453502446125,0.322847892997819,0.35945017322016326,0.6978977089859
fin11d_s,45.0,0.5502518896835454,0.19131404796988863,0.221884147107732,0.360062476067788,0.600128944522513,0.69865640698927,0.900887597979286
fin11e_s,56.0,0.4181317404992933,0.16301193669548011,0.139504121655322,0.31332975990781925,0.410816230898696,0.5115441384891257,0.886524693860363
fin9b_s,73.0,0.5113233783694694,0.1441712671930582,0.2118190069615461,0.4086024447933562,0.4970663940674396,0.6177527275968179,0.8814701985392565
fin11_1_s,9.0,0.2497503499802209,0.11579779464718323,0.176467099926526,0.194046644936205,0.206170934040281,0.226535941390244,0.548471630968221
fin5m_s,76.0,0.5297294018233626,0.15644904832654874,0.224195055248655,0.402701375331256,0.4975735438579405,0.64290511955544,0.830292424652356
fin6m_s,71.0,0.3934851858175821,0.11618469134301333,0.196135747885483,0.315515649572719,0.371010145131089,0.448549319602896,0.748633112583502
fin9a_s,76.0,0.4693034516938295,0.13103943231975088,0.245968723675963,0.3780095285353704,0.4443751815616337,0.5514020682289134,0.885520329591401
fin5w_s,18.0,0.209582344845643,0.06291314470300309,0.12042432589851,0.16421965761399399,0.209988929215327,0.2511335904947938,0.336361627929191
fin6w_s,43.0,0.3499379852063625,0.11114497893134037,0.113092755084586,0.275143610053627,0.358457369711819,0.41496877664612597,0.727327408686406
fin17dm_s,56.0,0.48995316913466164,0.09316761167564701,0.295457762909806,0.438129215689814,0.49632856199002495,0.5655905996082542,0.651939654784327
fin17dlm_s,42.0,0.4016189803917863,0.09503434973341998,0.20612942675234,0.337245846227585,0.390593441176431,0.46684812882761473,0.618925401635576
fin25e3w_s,44.0,0.6416365308764465,0.12151527360612331,0.280139422620628,0.5388423041413748,0.6573289583079891,0.7383061891521028,0.887042047781694
fin25e3m_s,22.0,0.29440438210551273,0.11982293717260557,0.147289746940805,0.2079193830240495,0.24227309265556302,0.35386272297309396,0.555033649341337
fin24d1_s,56.0,0.5969253248524756,0.12687532669365706,0.184824624407522,0.5439982996469023,0.599184392765442,0.6754265729822198,0.848535685489502
fin14d_s,35.0,0.5301191432239766,0.13252647733513,0.24267498491575,0.4742524662566095,0.538257702993767,0.6137045940947795,0.801863964593344
fin24d2_s,52.0,0.6251507988609925,0.1418347471846867,0.229354439523042,0.5767021577358274,0.6438881958042839,0.7153906583638232,0.867926316218336
fin11a_s,31.0,0.38072521139368837,0.1029252499328253,0.164370165876696,0.3121521786689305,0.383128378010141,0.4649968219021835,0.539297836910867
fin11c_s,24.0,0.31072581555504664,0.07593715330123142,0.206725930691508,0.270876551978442,0.296254071630384,0.33130674835100205,0.483083496233266
fin5lm_s,31.0,0.2781917180133004,0.10327821121102806,0.120166582486894,0.1918918976844885,0.28135674961879,0.346873191468191,0.519857125903141
fin6lm_s,36.0,0.2735755750968745,0.10321645420721806,0.126290395671463,0.19228609675987102,0.24448432618884403,0.33662230925047554,0.573544578346002
fin17dw_s,6.0,0.312586371589482,0.0555256991066227,0.246284505169095,0.27544190108853095,0.311302926859647,0.3345830117091275,0.400796604824723
fin14c_s,25.0,0.32080550615343206,0.1306387409532018,0.118934325463172,0.225916128390552,0.297517071044037,0.404664883467803,0.649458341181365
fin13_1a_s,24.0,0.5744696470173758,0.13760681357381424,0.120505097602624,0.5056701102098057,0.593020431933828,0.6787015856225562,0.747731055349572
fin13_1b_s,17.0,0.3863440676070978,0.09404791397644356,0.240380618296331,0.32381978227713,0.372390822732961,0.458656373602428,0.552464670792988
fin13am_s,25.0,0.34051888014324744,0.09526919953817933,0.118283926250531,0.279440779066761,0.331679104721747,0.349236869032201,0.54783086951664
fin13alm_s,25.0,0.3827530026988636,0.10604059568740334,0.135407023984955,0.30745690090846,0.419050770347952,0.469154998937916,0.515627010160503
fin13bm_s,23.0,0.2865394386564097,0.07725283543707476,0.102874918710541,0.23314385369323148,0.270109108532394,0.3284615847747795,0.446328314237235
fin13blm_s,25.0,0.4171658793527397,0.11788927361495401,0.148230892881587,0.355317396488427,0.455901631934743,0.516229255916383,0.588193385306815
fin13cm_s,22.0,0.290561480351591,0.0711411289347469,0.18161085712087,0.23651942781970725,0.2794027049704785,0.3385111515287005,0.464086301926303
fin13clm_s,24.0,0.3879929809023077,0.11005131923137867,0.133487603098662,0.32897646025886373,0.4133840975893815,0.47073624888149845,0.533177050072197
fin21_s,17.0,0.7929172550638107,0.08697877974001345,0.584751037286293,0.7735850043232,0.796851973521364,0.836877498150602,0.936382526069692
fin14b_s,19.0,0.29580880196691556,0.09305352994762384,0.0953941506030104,0.229183750363869,0.297871586709271,0.35672879579692396,0.463888571773812
fin13cw_s,13.0,0.32738255274458405,0.10083100779568162,0.124752950999188,0.258655899772678,0.294559863096066,0.417131070873644,0.460707476384402
fin13f_s,14.0,0.2988745664769242,0.11078043853699553,0.181653429815769,0.23408462523634074,0.263019972093891,0.31054843908345575,0.608622650398362
fin14a_s,20.0,0.30670234928563433,0.10045678054563908,0.114717808352216,0.23134984611155773,0.3024831132608615,0.3670143846949655,0.5483195901586
fin25e3lm_s,6.0,0.4521436471825903,0.19083014670037857,0.147057994481862,0.3451689200410925,0.5429425829297154,0.5846049783265117,0.602181913550587
fin13aw_s,11.0,0.2846521666269473,0.09039189391930952,0.102426231131402,0.22916075939688801,0.308721240211677,0.3473316381541365,0.411756996186282
fin13bw_s,9.0,0.2881228946391431,0.07848126117633454,0.188717147529336,0.231605633712471,0.292330702830089,0.355630453236035,0.39769794582618
fin24d3_s,8.0,0.2526134049201355,0.07000034324534872,0.172264755323205,0.205362717131766,0.237917768034558,0.2849294639412905,0.389557034626211
fin5n_s,6.0,0.23442708362402764,0.029882298571574258,0.182269627158312,0.22940018302560025,0.2352183699949925,0.2514720231254985,0.269505439724399
fin6n_s,5.0,0.20774266069755218,0.0247571484132423,0.165894901322507,0.208110520399452,0.214012681799537,0.220813597025922,0.229881602940343
fin13f_1_s,3.0,0.5962646691872769,0.1584852138640549,0.447485746104713,0.5129283437098815,0.57837094131505,0.670654130728559,0.762937320142068
fin32_33_34b_s,1.0,0.7206290466847057,,0.7206290466847057,0.7206290466847057,0.7206290466847057,0.7206290466847057,0.7206290466847057
con1,1982.0,0.8753034068350519,0.11900803875668185,0.256397288102019,0.8291365026193267,0.9130514248590484,0.9599201134904175,1.0
con2a,598.0,0.1882671638381194,0.11161018905921241,0.0071029337086449,0.107469801354993,0.159335272505753,0.250234607081313,0.583797182341376
con2b,275.0,0.13251642743578548,0.08618987710591176,0.0043885776471952,0.06626966905523066,0.117995983539665,0.184212951724247,0.379033962832101
con2c,145.0,0.09106349302908795,0.08209893107267864,0.0,0.0234356252196557,0.0604212760170699,0.158055508141973,0.325413836872557
con2d,289.0,0.12419440741711615,0.07805566462440336,0.0035742578430373,0.0560489119682392,0.112005253902047,0.180595713800827,0.378034439355459
con2e,121.0,0.06438250903921905,0.06175017214996463,0.00093265769633348,0.0208979759256788,0.0431345839556778,0.0857358076553863,0.276380959398904
con2f,157.0,0.07926952009186304,0.05257150185065803,0.0033839408481302,0.034903704447778,0.0761451431836824,0.114425241449615,0.243040032647976
con2g,277.0,0.11503144495664572,0.05735836747492086,0.0038402556398705,0.0727766019563991,0.108843622856363,0.155281220625694,0.308490618898605
con3a,433.0,0.1699622884625686,0.10300168833744468,0.0031634643633462,0.0914057775356837,0.147918910615246,0.227461317071163,0.48018403452594
con3b,85.0,0.007188842825315281,0.0097875767616147,0.0,0.001585633206084,0.0037086346319574,0.008735802079798,0.0502201884852742
con3c,85.0,0.005281443046527056,0.007434772094457454,0.0,0.0011798368598307,0.0029677025287883,0.0052009422628805,0.0381632109865754
con3d,85.0,0.022780335256845148,0.0159900266649301,0.0016831722410968,0.0101698758590899,0.0192134464544299,0.0300471364154868,0.0781549708246518
con3e,85.0,0.01229826985844155,0.013599194636663018,0.0,0.0028810558976593,0.0076002175300454,0.0171452873900774,0.0762492422867633
con3f,85.0,0.005147045600205646,0.005233874951997354,0.0,0.0013605564483244,0.0039368377154594,0.0071678539721015,0.0281742209214124
con3g,85.0,0.015446064974575987,0.010143124953843891,0.00085472982203435,0.0089630317286921,0.0137372351594395,0.0190014251545769,0.0592272911918383
con4,409.0,0.1220351851212852,0.04879365354786049,0.0080060858439882,0.0878944097583365,0.123938598119238,0.153776697436158,0.258128368070341
con5a,97.0,0.04589668223706501,0.03993928469497967,0.0043564511116271,0.021760318926936,0.0337088887262171,0.0531284842655505,0.208538042646124
con5b,217.0,0.09014243777198117,0.05679207179133444,0.00065179853821215,0.0319076433956472,0.0966739659920892,0.133837218104405,0.224928915740823
con6,85.0,0.013602703901378476,0.011631199832548771,0.0,0.0049915794235534,0.0117160606158707,0.0188679525171137,0.0645876094717233
con7,85.0,0.02206190249266236,0.015546605154534737,0.0024315468104018,0.0108454485255547,0.0191736147185127,0.0286474566595616,0.0834908421509207
con8,301.0,0.11516407398379758,0.06089468591250739,0.0030584931881665,0.0724305265423764,0.107530193970994,0.15316030605219,0.310926680812136
con9a,1958.0,0.6953368921479434,0.22896965560583957,0.0661525919771917,0.5566723082998357,0.7653065193449959,0.874916533488467,1.0
con9b,1170.0,0.25678240859167056,0.14376240516585181,0.0,0.1388309369837955,0.22852151601367449,0.36303143834532303,0.698265559498531
con10,181.0,0.0902768799458181,0.060094336717458376,0.0,0.0292425015836486,0.0958750467193959,0.135383142954757,0.261476242777779
con11,1102.0,0.6129469037897187,0.15065105687143607,0.0989236135042501,0.5086779486386903,0.636478655388911,0.7315642603617007,0.903875147057655
con12d,1102.0,0.7201810036852341,0.15564630466061308,0.121647953239368,0.6357063692719828,0.749670362463599,0.8352433108316693,0.976322770472223
con12w,142.0,0.08219452463660523,0.045762974749619614,0.0172645053044519,0.04660313567910927,0.068733894906314,0.11253718923057851,0.251742740690023
con12m,97.0,0.030823857175144867,0.043055243552016696,0.0,0.0075999169684053,0.0142509108511701,0.0270441860178686,0.163753680505711
con12lm,85.0,0.01598815885528603,0.015866946188764993,0.0,0.0065821365021317,0.0113055892259049,0.0199932765323219,0.0851091928625717
con13,95.0,0.05126452163482568,0.10651839766365506,0.0,0.00656337414762635,0.0124415065347064,0.022416753733147353,0.437569277487455
con14,1102.0,0.628022182243947,0.19705310471620002,0.094416721286385,0.4849457904671932,0.654192858701061,0.79118379847702,0.982656046736276
con15,104.0,0.3814439038365212,0.1537618621913404,0.0629858780016069,0.27484290909171427,0.385589141047203,0.465329378128727,0.80893871371814
con16,1102.0,0.5660980981295538,0.20640982889938506,0.0350810106125445,0.40688936172968426,0.5784951673340619,0.7407695167623115,0.97505958726926
con17a,1102.0,0.40900448059753497,0.15411070655717213,0.0534161816829259,0.29470921438736397,0.40754156548166953,0.5333780671650118,0.837550084367141
con17b,1102.0,0.3086940725472291,0.11515873162016325,0.0503510066586736,0.22156874760334125,0.30322665871819,0.3819203310388105,0.668488087353336
con17c,97.0,0.039889548203763954,0.0473770341142199,0.0,0.0100402844214784,0.0243716625224527,0.0381173305531136,0.199596046000455
con17d,265.0,0.12059433620959087,0.06296493489678026,0.0067300470534103,0.0650979656385349,0.129783555367143,0.164786293536355,0.300122847938416
con18,1102.0,0.4906637683227968,0.17054096525975732,0.073579560836568,0.363667309052483,0.48683395091486104,0.62015165503155,0.962281684631621
con19,1102.0,0.4110753676633837,0.16907655681362935,0.044860367487888,0.2770774861956015,0.40328147618579846,0.5366522450392592,0.920870710542809
con20,865.0,0.1889303269360135,0.09034898497629554,0.0407531516202334,0.124379249009697,0.162166992723644,0.235443985089196,0.528297811518247
con21,828.0,0.20891960738467402,0.10861508589107205,0.0195328825442661,0.131141576776658,0.185083880602506,0.25976456058921926,0.660853258340837
con22,85.0,0.014249719718352602,0.011858864906118477,0.0,0.005912875511629,0.0109083383676848,0.0199734178895164,0.0630225572540502
con23,528.0,0.12937518209076912,0.04741223452580972,0.0094750479098325,0.0978725825437715,0.124423091352617,0.15896908035487622,0.288734455370127
internet,1982.0,0.7313516511013467,0.24242497475800617,0.0413982874654404,0.5848659747874705,0.819328728741245,0.927370483544718,1.0
con26d,1006.0,0.4911839202446217,0.25077103177392784,0.0191247411259326,0.2733417056983297,0.4929399424887365,0.712475170668177,0.967396810204863
con26w,406.0,0.11283224401657267,0.03587079725290481,0.0226987931254467,0.0901113213957747,0.113942687061834,0.13564375654280125,0.255312140417448
con26m,95.0,0.037299429558556974,0.03350580728364818,0.0064192198649378,0.01768847302585215,0.0257475371431159,0.044313986967898095,0.181348494466561
con26lm,109.0,0.048839843197990285,0.043029411450453754,0.0018970416270153,0.0165821684740559,0.031378855163707,0.0713178470214963,0.183976201039955
con27,1078.0,0.4558845399428744,0.18304749032827888,0.0549188510029777,0.32998605133554176,0.4542437476638945,0.5778316714223213,0.958241581289661
con28d,253.0,0.13258703247391754,0.08507635750358972,0.0027802060178979,0.0613831413619061,0.126440155532787,0.195364111263287,0.356357913250636
con28w,646.0,0.18308090879925779,0.1119497729832723,0.0080140360995887,0.1151449614580585,0.158308238386528,0.2237029554036325,0.870889159040559
con28m,720.0,0.30903943028398695,0.17319457558956125,0.0074969876407389,0.16347224351706752,0.30380769896146653,0.40855794205155227,0.788298389932212
con28lm,97.0,0.04613847156922497,0.036438518646971056,0.0064001644366953,0.0199003329113582,0.0352878310635834,0.0527884272408252,0.170280010319036
con28n,85.0,0.0005169413380903069,0.0009577471286903799,0.0,0.0,0.0,0.00057909534017008,0.003781989054864
con29,301.0,0.12418342078494336,0.06193406828630161,0.0026706708037518,0.0888355562077295,0.125579181433053,0.163095589344945,0.302721125346668
con30a,1054.0,0.4740003593917488,0.20686630212528745,0.0431454607951583,0.30936239015906525,0.4726277936058505,0.6331888735826168,0.976289220171873
con30b,1054.0,0.4554188709647506,0.19523499538901992,0.0577598912404077,0.2991286661582535,0.453160068100854,0.5900134531848947,0.966377067061657
con30c,1090.0,0.5164323374095209,0.22627708998573856,0.0475016453998008,0.3344147778475787,0.5403259517876475,0.6988377213254442,0.984643470337856
con30d,1054.0,0.4413642701853737,0.203510341682564,0.0425292988264781,0.273633120863018,0.440059692628172,0.5995739498173305,0.942952496088612
con30e,1018.0,0.3241883762633162,0.16487922573597408,0.0128240271620832,0.19402526514021923,0.300274436738141,0.43826156460735627,0.90042097298314
con30f,310.0,0.11125936762716677,0.052909865880155046,0.006543508066567,0.07281758618341969,0.10920488650378851,0.14633644189605427,0.289908104554862
con30g,874.0,0.20975445829116882,0.1171816032211176,0.0143975392565143,0.1214293730403585,0.1870265858933805,0.27657673628627827,0.760014240549485
con30h,598.0,0.1640731531731199,0.0732549743751704,0.0173545219223082,0.112321256894807,0.156988240865704,0.20640457581706123,0.439238324661798
con31a,790.0,0.2410022596131804,0.12363464332010764,0.0,0.1401333506605095,0.227018651837743,0.33841111269219953,0.573908080372346
con31b,589.0,0.134002015978155,0.05252997778140243,0.0095911638435006,0.0994520428433281,0.130823675464082,0.163594681515074,0.364977934635038
con31c,193.0,0.09673165008746976,0.05597370550605713,0.0,0.0544602365714217,0.0942853886393035,0.130757395531192,0.258744103113084
con31d,564.0,0.13065558003580013,0.0629293598579326,0.0,0.09011024025758069,0.13134734125568598,0.16609247051914,0.363593999452125
con31e,85.0,0.02627153769585747,0.017202889304719658,0.002054254546623,0.0132775786985003,0.0255755595810481,0.0347916917529131,0.0891026537373048
con31f,241.0,0.10762305449849882,0.052793622478056045,0.0016154535013423,0.0708968126278041,0.109865431502777,0.138038947479371,0.329036020715047
con31g,85.0,0.03750590683400814,0.02266274876969534,0.0020555836442432,0.0195694382203708,0.0327817461492113,0.0536753484057412,0.0994483621683359
con31h,336.0,0.1111121676094409,0.054346614341818374,0.0,0.07920886349758283,0.107605195748291,0.1365937932082245,0.44347615396349
con32a,646.0,0.219813717474923,0.10932311256160603,0.0019407172793535,0.13350212299646652,0.219467105646418,0.299227041008547,0.500844720267909
con32b,85.0,0.013272943397984386,0.011911131130170732,0.00037531179984266,0.0039614374917139,0.0094442596327579,0.0182275479360101,0.0555367746596261
con32c,85.0,0.007631887004752356,0.007640837322034106,0.0,0.0019680616001946,0.0049754754241091,0.0115771538672495,0.0333292009446318
con32d,85.0,0.030117842440741224,0.01689242752811664,0.0026399911588555,0.01630410633297,0.0276530874138185,0.0413911724673682,0.0714582784497135
con32e,85.0,0.0035760551837386904,0.004759610705038489,0.0,0.00063879853023802,0.0022540347212865,0.0051691081727589,0.0310757920312242
con32f,85.0,0.009049387100317734,0.010214876427088395,0.0,0.003075058634717,0.0057392281102278,0.0102684279978428,0.0581653255743709
con32g,85.0,0.005065784112395194,0.0033801742864085892,0.0,0.0028771148260517,0.0045319003039332,0.006629678488634,0.0162805421398661
con32h,97.0,0.03657126461759633,0.046004320682059195,0.0,0.0114592449317963,0.0218704233821802,0.0351193414407024,0.263835536657552
con10_s,8.0,0.5392611802394653,0.2228085944989777,0.20308864042491,0.3415667636588355,0.58368550505081,0.6995194291081732,0.80004268621433
con11_s,85.0,0.7567769498738145,0.09290859436732117,0.535965043812853,0.704666011340859,0.759446985586761,0.822588583207353,0.948700818069497
con12d_s,85.0,0.8791138499912847,0.09700241136948853,0.212567654430928,0.860972601877517,0.9051000740185,0.926097210090054,0.966425368469799
con14_s,85.0,0.7545452708141852,0.15017138643264738,0.340012336745583,0.664670822449016,0.782039995058044,0.888154544533388,0.973469903487764
con16_s,85.0,0.6762474046022865,0.1670084927561392,0.260726225767912,0.57067443683431,0.681638909498718,0.831170303926388,0.9500129189503
con17a_s,85.0,0.4914663985579208,0.1405108056573258,0.209088730610289,0.390999810444154,0.503276205338119,0.595202536522733,0.807737875099857
con17b_s,85.0,0.3913631511847038,0.14280373679792274,0.114401618365839,0.284395262944359,0.399920426349534,0.474517013023767,0.737691885412178
con18_s,85.0,0.5854285538282717,0.11697110941513976,0.318414460623348,0.488144414534399,0.574832556966858,0.689682121949621,0.816093737747724
con19_s,85.0,0.8242848162072716,0.06523684966726494,0.670818548241513,0.785952197310741,0.830992848834068,0.871852615193382,0.969001063406475
con20_s,65.0,0.23256469957945408,0.09371610047114524,0.113062354588151,0.164733513364897,0.205637920636466,0.287620235751002,0.537885020648606
con21_s,62.0,0.2650128405865277,0.12430244264263188,0.11336717760885,0.16728632419215775,0.253130694114497,0.3086646889881117,0.70925139594925
con26d_s,77.0,0.7302952498950632,0.17158370269957512,0.284144213101252,0.614014976360102,0.803716196628727,0.859952037382599,0.955117857160747
con27_s,83.0,0.7688780270267545,0.13559624693276137,0.338512730924873,0.6787862920259424,0.81746986172262,0.858673375343026,0.965496418607337
con28m_s,53.0,0.6156322773468739,0.21505819473264012,0.179413917164408,0.465314850406707,0.647701012105309,0.79243851565913,0.937113895459478
con30a_s,81.0,0.742097168143282,0.13079924082612912,0.351963688439531,0.651042834189589,0.756836005146995,0.844299684160296,0.981570343885726
con30b_s,81.0,0.7186262558778972,0.10119120608349366,0.427323351972038,0.657935248923128,0.726973415056347,0.767683469883449,0.944008252184832
con30c_s,84.0,0.8249326848777013,0.10736558003658568,0.324073361460162,0.8055181032854898,0.8316747332908014,0.885392774621093,0.983402680992522
con30d_s,81.0,0.6899826252137784,0.10543308095858145,0.360606815640549,0.624968451281074,0.696966432293903,0.762910109038047,0.908208022452354
con30e_s,78.0,0.5088434911450483,0.12713745954238934,0.226591147005711,0.4325748158218625,0.5277974435017865,0.5997869061953705,0.768596224908252
con30f_s,19.0,0.17635872725871188,0.0508147702270879,0.121836510792826,0.1392784296319835,0.164167869832016,0.198034065561882,0.307559506105162
con30g_s,66.0,0.3254278708163562,0.10847815925191187,0.125169743868024,0.24543027575756074,0.3036387174087545,0.39519043064660575,0.647714082038846
con30h_s,43.0,0.23410628317270993,0.07475901549954826,0.134726302905006,0.1842882425102185,0.223461859800983,0.2582218974479565,0.465725847414329
con31a_s,59.0,0.4527003352164978,0.10344840962641515,0.297499594122815,0.36312638781948203,0.433822247247488,0.529961309355055,0.654815093123489
con31b_s,42.0,0.27858990340477474,0.09812332764216002,0.128162700596955,0.19728628986783125,0.25926729113034397,0.3390076734696675,0.56944509470679
con31f_s,13.0,0.31134438984493945,0.14415251092054818,0.123239635799619,0.181217918488734,0.361747400881363,0.407661239086269,0.569379471808424
con2a_s,43.0,0.752959729762883,0.09938032926577539,0.52027888179097,0.6916055858212525,0.772483429592728,0.82497261951304,0.953601402451103
con15_s,8.0,0.916015743978589,0.02463998268313919,0.885251351213367,0.89854079937313,0.9092123154456155,0.9335162826976338,0.953227325828069
con17d_s,15.0,0.16767565088873818,0.03165785753830015,0.127142781800565,0.14663809627431051,0.155955533041323,0.1835999738658935,0.233983185042618
con29_s,18.0,0.1922532820842131,0.053521434352956476,0.128059682984111,0.149180250307238,0.185507275648022,0.22503533220299077,0.321897274952206
con31d_s,40.0,0.26013734277653683,0.08313162269806962,0.155311819337657,0.186424336691665,0.2513420414817225,0.3057711343337232,0.511238654210099
con31h_s,21.0,0.24797813156143875,0.1263416580379135,0.126793748420516,0.184404719679823,0.198757891416034,0.247999785666582,0.66716783596538
con32a_s,47.0,0.38382195295107174,0.10789709117662252,0.198137806838327,0.3027507415546325,0.37468427423927,0.4645408964979185,0.608547615749583
con3a_s,29.0,0.6239227517840035,0.11310078050788666,0.447924427350553,0.525386811365848,0.630400493099157,0.701968618690692,0.894868628414136
con4_s,27.0,0.46067123082944167,0.11943310206518883,0.283796472911794,0.3684314065949875,0.455206463965937,0.5190861957477324,0.683846688374897
con28d_s,14.0,0.39012685058758195,0.09333773487445242,0.179023194451639,0.3502050981802167,0.40435075815571697,0.45953230452285326,0.508386686539277
con28w_s,47.0,0.4134378276833572,0.14510301641769976,0.179088902177792,0.3080403569356485,0.39470834087376,0.4968902968323205,0.87474154720659
con23_s,37.0,0.16499310492998787,0.04094385684375356,0.109316541138642,0.135382428668479,0.148235682612131,0.195190346718142,0.290930820875517
con31c_s,9.0,0.18072375076218233,0.04959820766122074,0.110373477907994,0.150992549174576,0.170643884415247,0.219455306675343,0.261834426507577
con2b_s,16.0,0.5301749348396424,0.1574160952609983,0.28956795749457,0.38812037803093175,0.5342669008016335,0.6455403228449248,0.802467555917242
con2d_s,17.0,0.49053800068857756,0.08171146621384942,0.350104795605057,0.43002412714228,0.50574248076749,0.536528755693376,0.606050909890253
con26w_s,27.0,0.22394412519225046,0.06353259656863987,0.13007039247881,0.183916131469969,0.211903436174419,0.265447302803154,0.349724613018655
con2c_s,5.0,0.3631251333702322,0.10398301341917693,0.275366870245809,0.307188023470837,0.314458752305124,0.383314377834655,0.535297642994736
con2e_s,3.0,0.39065939109586667,0.16275043783800844,0.230032231889627,0.30826253793479147,0.386492843979956,0.47097297069898647,0.555453097418017
con2g_s,16.0,0.4183531296361896,0.10175140116955311,0.252682413291122,0.3485860393147787,0.443449151578975,0.48156967632304626,0.618782299729179
con5b_s,11.0,0.8448819418936143,0.07743087249137282,0.672880270936624,0.8180731821715395,0.845395303234119,0.8779364348313735,0.968380082575133
con12m_s,1.0,0.194813165631884,,0.194813165631884,0.194813165631884,0.194813165631884,0.194813165631884,0.194813165631884
con26lm_s,2.0,0.24566305373712902,0.13995149964022394,0.1467023993043,0.1961827265207145,0.24566305373712902,0.29514338095354353,0.344623708169958
con12w_s,5.0,0.1488531668179856,0.030139595618972895,0.12078392951323,0.127662626214376,0.141029789574154,0.158603639187195,0.196185849600973
con2f_s,6.0,0.369777963416882,0.15728686424154964,0.223459914274365,0.2757846355863855,0.3302281686450785,0.39387821063511325,0.662019846404824
con13_s,1.0,0.434120830981813,,0.434120830981813,0.434120830981813,0.434120830981813,0.434120830981813,0.434120830981813
con26m_s,1.0,0.236156445659839,,0.236156445659839,0.236156445659839,0.236156445659839,0.236156445659839,0.236156445659839
con28lm_s,1.0,0.216129958398551,,0.216129958398551,0.216129958398551,0.216129958398551,0.216129958398551,0.216129958398551
con5a_s,1.0,0.789059845285064,,0.789059845285064,0.789059845285064,0.789059845285064,0.789059845285064,0.789059845285064
con17c_s,1.0,0.15745590002586,,0.15745590002586,0.15745590002586,0.15745590002586,0.15745590002586,0.15745590002586
con32h_s,1.0,0.406595243552339,,0.406595243552339,0.406595243552339,0.406595243552339,0.406595243552339,0.406595243552339
