,Missing Count,Missing %
con32h_s,8576,99.99
con17c_s,8576,99.99
con5a_s,8576,99.99
fin32_33_34b_s,8576,99.99
con26m_s,8576,99.99
con13_s,8576,99.99
con12m_s,8576,99.99
fing2p_card_s,8576,99.99
fin37_38_39d_s,8576,99.99
con28lm_s,8576,99.99
con26lm_s,8575,99.98
fin32_33_34c_s,8575,99.98
fin13f_1_s,8574,99.97
con2e_s,8574,99.97
fin37_39b_s,8573,99.95
fin32_33_34d_s,8573,99.95
con12w_s,8572,99.94
fin6n_s,8572,99.94
con2c_s,8572,99.94
fin37_38_39b_s,8571,99.93
fin17dw_s,8571,99.93
con2f_s,8571,99.93
fin5n_s,8571,99.93
fin25e3lm_s,8571,99.93
fin37_39d_s,8571,99.93
fin24d3_s,8569,99.91
con15_s,8569,99.91
fin43b_s,8569,99.91
con10_s,8569,99.91
fin13bw_s,8568,99.9
con31c_s,8568,99.9
fin11_1_s,8568,99.9
fin13aw_s,8566,99.87
con5b_s,8566,99.87
con31f_s,8564,99.85
fing2p_mob_s,8564,99.85
fin13cw_s,8564,99.85
fin13f_s,8563,99.84
fin32_n33_34d_s,8563,99.84
con28d_s,8563,99.84
fin42_acc_s,8562,99.83
con17d_s,8562,99.83
con2b_s,8561,99.81
con2g_s,8561,99.81
fin38_39c_s,8561,99.81
fin13_1b_s,8560,99.8
fin21_s,8560,99.8
con2d_s,8560,99.8
con29_s,8559,99.79
fin5w_s,8559,99.79
con30f_s,8558,99.78
fin14b_s,8558,99.78
fin14a_s,8557,99.77
fin36Ab,8557,99.77
fin36Aa,8557,99.77
fin32_n33_34b_s,8556,99.76
con31h_s,8556,99.76
fin37_39c_s,8556,99.76
fin13cm_s,8555,99.74
fin25e3m_s,8555,99.74
fin13bm_s,8554,99.73
fin13clm_s,8553,99.72
fin13_1a_s,8553,99.72
fin11c_s,8553,99.72
fin13am_s,8552,99.71
fin13alm_s,8552,99.71
fin13blm_s,8552,99.71
fin34d_s,8552,99.71
fin14c_s,8552,99.71
fin11f_s,8551,99.7
con26w_s,8550,99.69
con4_s,8550,99.69
inactive_t_d_s,8548,99.66
con3a_s,8548,99.66
fin37_38_39c_s,8547,99.65
fin11a_s,8546,99.64
fin5lm_s,8546,99.64
fing2p_cash_s,8542,99.59
fin14d_s,8542,99.59
fin6lm_s,8541,99.58
con23_s,8540,99.57
fin13bn,8540,99.57
fin13cn,8540,99.57
fin27b_s,8540,99.57
fin11b_s,8540,99.57
fin13an,8540,99.57
con31d_s,8537,99.53
fin34b_s,8535,99.51
con31b_s,8535,99.51
fin17dlm_s,8535,99.51
fin6w_s,8534,99.5
con30h_s,8534,99.5
con2a_s,8534,99.5
fin25e3w_s,8533,99.49
fin11d_s,8532,99.48
fin11_2a_s,8531,99.46
con32a_s,8530,99.45
con28w_s,8530,99.45
fin24d2_s,8525,99.39
con28m_s,8524,99.38
fin24d1_s,8521,99.35
fin11e_s,8521,99.35
fin17dm_s,8521,99.35
con31a_s,8518,99.31
con21_s,8515,99.28
con20_s,8512,99.24
con30g_s,8511,99.23
fin11_0,8509,99.21
fin6m_s,8506,99.17
fin22h_s,8505,99.16
fin13f_1,8504,99.15
fin9b_s,8504,99.15
fin16,8504,99.15
fin5m_s,8501,99.11
fin9a_s,8501,99.11
con26d_s,8500,99.1
con30e_s,8499,99.09
con30d_s,8496,99.06
con30b_s,8496,99.06
con30a_s,8496,99.06
con27_s,8494,99.03
con30c_s,8493,99.02
con32b,8492,99.01
con12d_s,8492,99.01
con32f,8492,99.01
con32e,8492,99.01
con32d,8492,99.01
con11_s,8492,99.01
con28n,8492,99.01
con3g,8492,99.01
con3f,8492,99.01
con31e,8492,99.01
con31g,8492,99.01
con14_s,8492,99.01
con6,8492,99.01
con3b,8492,99.01
con17a_s,8492,99.01
con16_s,8492,99.01
con18_s,8492,99.01
con32c,8492,99.01
con32g,8492,99.01
con7,8492,99.01
con3c,8492,99.01
con22,8492,99.01
con12lm,8492,99.01
con3d,8492,99.01
con3e,8492,99.01
con17b_s,8492,99.01
con19_s,8492,99.01
fin27a_s,8491,99.0
con26m,8482,98.89
con13,8482,98.89
con17c,8480,98.87
con32h,8480,98.87
con12m,8480,98.87
con5a,8480,98.87
con28lm,8480,98.87
fin25e4e,8477,98.83
fin31c,8477,98.83
fin25e4c,8477,98.83
fin25e4b,8477,98.83
fin35,8477,98.83
fin41,8477,98.83
con15,8473,98.79
fin32_33_34a_s,8468,98.73
con26lm,8468,98.73
fin28_s,8463,98.67
fin38_39a_s,8462,98.66
fin38_39_acc_s,8457,98.6
con2e,8456,98.59
fin32_33_acc_s,8455,98.58
fin29_s,8448,98.5
fin36a,8442,98.43
con12w,8435,98.34
fin13bw,8432,98.31
con2c,8432,98.31
fin28_29_s,8427,98.25
con2f,8420,98.17
fin6n,8417,98.13
fin13aw,8408,98.03
fin37_39a_s,8407,98.02
fin17dw,8405,97.99
fin5n,8405,97.99
fin11_1,8401,97.95
fin25e3lm,8397,97.9
con10,8396,97.89
fin32_n33_34c_s,8395,97.88
fin31b_s,8391,97.83
fin37_38_39a_s,8390,97.82
con31c,8384,97.75
fin13cw,8384,97.75
fin44,8381,97.71
fin37_39_acc_s,8377,97.67
fin24d3,8373,97.62
fin15,8372,97.61
fin13f,8372,97.61
fin37_38_39_acc_s,8366,97.54
fin43c_s,8361,97.48
con5b,8360,97.47
fin25e4a,8345,97.3
fin7,8345,97.3
fing2p_fin_s,8344,97.28
fin34c_s,8341,97.25
fin13_1b,8338,97.21
con31f,8336,97.19
fin32_n33_34a_s,8329,97.11
con28d,8324,97.05
fin24other_SD_ND,8320,97.0
fin24other,8320,97.0
fin24other_VD,8320,97.0
fing2p_acc_s,8317,96.97
fin13e,8313,96.92
fin14b,8312,96.91
con17d,8312,96.91
fin31a_s,8303,96.81
con2b,8302,96.79
fin14a,8300,96.77
con2g,8300,96.77
fin40b,8297,96.74
fin32_n33_acc_s,8289,96.64
con2d,8288,96.63
fin13cm,8279,96.53
con29,8276,96.49
con8,8276,96.49
fin21,8270,96.42
con30f,8267,96.39
fin13bm,8267,96.39
fin24bor_VD,8266,96.37
fin24sav_VD,8264,96.35
fin5w,8261,96.32
fin13_1a,8255,96.25
fin13clm,8254,96.23
fin31a_31b_s,8252,96.21
fin34a_s,8249,96.18
fin13blm,8243,96.11
fin13am,8243,96.11
fin13alm,8242,96.09
fin14c,8241,96.08
con31h,8241,96.08
fin22a_1,8233,95.99
fin40a,8225,95.9
fin11c,8221,95.85
fin32_acc_s,8206,95.67
fin24bor_SD_ND,8204,95.65
fin11f,8197,95.57
fin25e3m,8195,95.55
fin45b,8182,95.39
fin24sell_SD_ND,8178,95.35
fin43d,8172,95.28
fin38_39b,8172,95.28
fin38_39d,8172,95.28
con26w,8171,95.27
con4,8168,95.23
fin37_38_39d,8162,95.16
fin31d_s,8154,95.07
con3a,8144,94.95
fin11a,8137,94.87
fin17f,8135,94.85
fin14d,8123,94.71
fin37_38_39b,8106,94.51
fin5lm,8105,94.5
fin17e,8099,94.43
fin43b,8086,94.28
fin11b,8065,94.03
con23,8049,93.84
fin6lm,8045,93.8
fin43a,8020,93.51
con31d,8013,93.42
fin24work_VD,8012,93.41
fin38_39c,8008,93.37
fin32_33_34b,8008,93.37
fin20,8006,93.34
fin32_33_34c,8000,93.27
fin24sell_VD,7992,93.18
con31b,7988,93.13
fin32_33_34d,7980,93.04
con2a,7979,93.03
con30h,7979,93.03
fin37_39b,7978,93.02
fin17dlm,7973,92.96
fin11d,7969,92.91
fin6w,7961,92.82
fin37_39d,7960,92.81
fin11_2a,7957,92.77
con32a,7931,92.47
fin25e3w,7931,92.47
con28w,7931,92.47
fin27b,7918,92.32
fin32_n33_34d,7880,91.87
fing2p_mob,7875,91.82
fin37_38_39c,7864,91.69
fin42_acc,7860,91.64
con28m,7857,91.61
fin36b,7853,91.56
fin24d2,7848,91.5
fin11e,7837,91.37
fing2p_card,7830,91.29
fin37_39c,7808,91.03
fing2p_cash,7808,91.03
fin24d1,7800,90.94
fin17dm,7796,90.89
con31a,7787,90.79
fin32_n33_34b,7782,90.73
fin34d,7770,90.59
con21,7749,90.35
fin25e1,7748,90.33
fin45a,7739,90.23
fin19,7730,90.12
fh2a,7724,90.05
fin24bor,7721,90.02
con20,7712,89.91
inactive_t_d,7708,89.87
con30g,7703,89.81
fin45e,7644,89.12
fin6m,7628,88.94
fin22c,7619,88.83
fin9b,7592,88.52
fin17b,7575,88.32
con26d,7571,88.27
fin5m,7568,88.24
con30e,7559,88.13
fin9a,7556,88.1
fin34b,7553,88.06
fin22h,7550,88.03
con30b,7523,87.71
con30d,7523,87.71
con30a,7523,87.71
fin8,7520,87.68
con27,7499,87.43
con30c,7487,87.29
con11,7475,87.15
con12d,7475,87.15
con17a,7475,87.15
con19,7475,87.15
con14,7475,87.15
con18,7475,87.15
con16,7475,87.15
con17b,7475,87.15
fin4_d,7454,86.91
fin24sell,7447,86.83
fin3,7418,86.49
con9b,7407,86.36
fin25e4d,7388,86.14
fin24c,7382,86.07
fin22f,7368,85.9
fin27a,7354,85.74
fin24ba,7322,85.37
fin45c,7250,84.53
dig_acc,7202,83.97
fin24bc,7190,83.83
fin24bd,7190,83.83
fin24bb,7178,83.69
fin45d,7178,83.69
fin28,7099,82.77
fin38_39a,6986,81.45
fin29,6935,80.86
fin38_39_acc,6934,80.84
fin32_33_34a,6908,80.54
fin22e,6904,80.49
fin24work_SD_ND,6868,80.07
fin25e2,6867,80.06
merchant_pay,6823,79.55
fin32_33_acc,6776,79.0
fin24sav_SD_ND,6720,78.35
fin28_29,6703,78.15
con9a,6619,77.17
fin26b,6618,77.16
fin38,6604,77.0
con1,6595,76.89
internet,6595,76.89
fin32_33,6408,74.71
fin37_39a,6278,73.2
fin24fam_VD,6251,72.88
fin37_38_39a,6224,72.57
fh1,6199,72.27
fin24sav,6158,71.8
fin32_n33_34c,6136,71.54
fin24work,6084,70.93
fin25e2b,6079,70.88
fh2,6071,70.78
mobileaccount_t_d,6050,70.54
fin31b,6039,70.41
fh1_fh2,6017,70.15
fin37_38_39_acc,5975,69.66
fin37_39_acc,5968,69.58
fin24aND,5882,68.58
fin43c,5788,67.48
fin24fam_SD_ND,5782,67.41
fin22g,5710,66.57
fin24aVD,5669,66.1
fin17c,5645,65.82
fin24fam,5581,65.07
fin34c,5578,65.03
fin24aSD_ND,5541,64.6
fin24aSD,5541,64.6
fin32_n33_34a,5463,63.69
fing2p_acc,5463,63.69
fin26a,5407,63.04
fin31a,5191,60.52
fin22a,5100,59.46
fin42,5069,59.1
fin37_38,5043,58.8
fin32_n33_acc,5041,58.77
fing2p_fin,4959,57.82
fin37,4713,54.95
fin31a_31b,4637,54.06
fin34a,4631,53.99
fing2p,4557,53.13
fin22d,4539,52.92
fin10,4365,50.89
fin32_acc,4179,48.72
fin22a_22g,4016,46.82
fin31d,3636,42.39
fin22a_22a1_22g_d,3621,42.22
fin24aN,3486,40.64
fin17a,2865,33.4
g20_received,2799,32.63
g20_made,2797,32.61
fin32_n33,2781,32.42
fin22b,2533,29.53
g20_any,2425,28.27
fin32,2389,27.85
fin17a_17a1_d,2385,27.81
fin30,2357,27.48
save_any_t_d,2175,25.36
borrow_any_t_d,2165,25.24
fin24aP,2122,24.74
fin2_t_d,1384,16.14
pop_adult,684,7.97
regionwb24_hi,684,7.97
incomegroupwb24,684,7.97
fiaccount_t_d,182,2.12
account_t_d,90,1.05
group,0,0.0
group2,0,0.0
year,0,0.0
codewb,0,0.0
countrynewwb,0,0.0
